Kenteken,"Brandstof volgnummer","Brandstof omschrijving","Brandstofverbruik buiten de stad","Brandstofverbruik gecombineerd","Brandstofverbruik stad","CO2 uitstoot gecombineerd","CO2 uitstoot gewogen","Geluidsniveau rijdend","Geluidsniveau stationair",Emissieklasse,"Milieuklasse EG Goedkeuring (licht)","Milieuklasse EG Goedkeuring (zwaar)","Uitstoot deeltjes (licht)","Uitstoot deeltjes (zwaar)",Nettomaximumvermogen,"Nominaal continu maximumvermogen",Roetuitstoot,"Toerental geluidsniveau","Emissie deeltjes type1 wltp","Emissie co2 gecombineerd wltp","Emissie co2 gewogen gecombineerd wltp","Brandstof verbruik gecombineerd wltp","Brandstof verbruik gewogen gecombineerd wltp","Elektrisch verbruik enkel elektrisch wltp","Actie radius enkel elektrisch wltp","Actie radius enkel elektrisch stad wltp","Elektrisch verbruik extern opladen wltp","Actie radius extern opladen wltp","Actie radius extern opladen stad wltp","Max vermogen 15 minuten","Max vermogen 60 minuten","Netto max vermogen elektrisch","Klasse hybride elektrisch voertuig"
25MLST,1,Benzine,,,,,,72,90,,134/2014*2018/295A1,,,,35.00,,,4000,,,,,,,,,,,,,,,
H655LS,1,Benzine,4.80,6.30,9.10,150,,72,77,4,70/220*2003/76B,,,,55.00,,,3750,,,,,,,,,,,,,,,
VDN70V,1,Benzine,,,,,,,,5,,,,,272.00,,,,,,,,,,,,,,,,,,
20RKVK,1,Benzine,,,,,,80,88,,,,,,63.00,,,3750,,,,,,,,,,,,,,,
62MLTB,1,Benzine,,,,,,76,88,,134/2014*2018/295A1,,,,11.00,,,4500,,,,,,,,,,,,,,,
H789TB,1,Benzine,5.70,6.70,8.50,156,,72,75,5,715/2007*566/2011F,,0.00178,,118.00,,,3750,,,,,,,,,,,,,,,
H364NV,1,Benzine,5.30,6.20,7.80,143,,70,72,6,715/2007*2015/45W,,0.00268,,88.30,,,3750,,,,,,,,,,,,,,,
H868NP,2,Elektriciteit,,,,,,,,6,715/2007*2018/1832DG,,,,,48.00,,,,,,,,,,,,,,,48.00,88.00,NOVC-HEV
H546LD,1,Benzine,4.30,5.10,6.40,119,,74,82,5,715/2007*692/2008F,,,,51.00,,,4125,,,,,,,,,,,,,,,
H284NT,1,Benzine,7.30,9.10,12.30,216,,71,81,4,70/220*2003/76B,,,,125.00,,,4500,,,,,,,,,,,,,,,
DZK50N,1,Benzine,,,,,,65,80,,"No 134/2014",,,,1.60,,,2750,,,,,,,,,,,,,,,
22BPN1,1,Diesel,,,,,,75,90,6,,595/2009*2018/932D,,,405.00,,,1350,,,,,,,,,,,,,,,
H580RV,1,Diesel,6.50,7.30,8.60,192,,74,84,5,715/2007*195/2013M,,0.00160,,96.00,,0.52,2700,,,,,,,,,,,,,,,
DXS55L,1,Benzine,,,,,,66,81,,134/2014*2018/295A1,,,,1.50,,,3125,,,,,,,,,,,,,,,
33BPG6,1,Diesel,,,,,,77,86,6,,595/2009*2018/932D,,,310.00,,,1200,,,,,,,,,,,,,,,
42MLSN,1,Elektriciteit,,,,,,,,,"EU No. 134/2014",,,,,40.00,,,,,,,,,,,,,,40.00,,,
H051SZ,1,Benzine,4.50,5.10,6.00,116,,68,73,6,715/2007*2018/1832DG,,,,74.00,,,3750,,135,,6.00,,,,,,,,,,,
H058SZ,1,Benzine,4.40,5.10,6.30,116,,67,74,6,715/2007*2018/1832DG,,,,74.00,,,3750,,136,,6.00,,,,,,,,,,,
VFR77L,2,LPG,,,,307,,74,86,6,715/2007*136/2014ZF,,,,295.00,,,3750,,,,,,,,,,,,,,,
H344TD,1,Benzine,5.20,5.60,6.50,129,,69,72,6,715/2007*2016/646W,,0.00185,,85.00,,,3750,,,,,,,,,,,,,,,
VFX35J,1,Diesel,7.20,7.40,7.70,194,,68,82,6,,595/2009*2018/932D,,,120.00,,,2850,,,,,,,,,,,,,,,
VFX15V,1,Diesel,5.10,5.70,6.70,149,,73,74,6,715/2007*136/2014W,,0.00073,,140.00,,0.50,3000,,,,,,,,,,,,,,,
GL552F,1,Benzine,3.60,4.10,5.00,95,,71,78,6,715/2007*136/2014W,,,,44.00,,,3750,,,,,,,,,,,,,,,
H197TG,1,Benzine,,,,159,,,,6,,,,,228.00,,,,,,,,,,,,,,,,,,
H553SZ,1,Diesel,,,,,,72,82,4,70/220*2003/76B,,0.05300,,88.00,,0.97,2700,,,,,,,,,,,,,,,
H811RF,1,Elektriciteit,,,,,,,,,,,,,,10.10,,,,,,,,,,,,,,,,32.00,NOVC-HEV
29MLTF,1,Benzine,,,,,,72,86,,134/2014*134/2014,,,,52.00,,,4400,,,,,,,,,,,,,,,
H819LP,1,Benzine,5.50,6.10,7.40,140,,73,76,6,715/2007*2015/45W,,0.00016,,110.00,,,3750,,,,,,,,,,,,,,,
H847TB,1,Benzine,5.40,6.40,8.20,148,,74,78,6,715/2007*2015/45W,,0.00009,,169.00,,,3750,,,,,,,,,,,,,,,
H023SX,1,Elektriciteit,,,,,,,,6,,,,,,10.10,,,,,,,,,,,,,,,,32.00,NOVC-HEV
22MLTB,1,Benzine,,,,,,73,90,,"(EU) 134/2014*(EU) 2018/295",,,,35.00,,,3750,,,,,,,,,,,,,,,
DKP18H,1,Benzine,,,,,,65,76,,"97/24/EC 2009/108/EC Chap5 stage 2",,,,1.80,,,,,,,,,,,,,,,,,,
DZD39X,1,Elektriciteit,,,,,,,,,"(EU) No 134/2014 including all amen",,,,,1.60,,,,,,,,,,,,,,,,,
DGH45S,1,Benzine,,,,,,65,75,,97/24/5/ECStage2-108/2009/EC,,,,1.62,,,2750,,,,,,,,,,,,,,,
DXR24D,1,Benzine,,,,,,71,79,,134/2014*2016/1824A1,,,,2.30,,,3625,,,,,,,,,,,,,,,
32MLTF,1,Benzine,,,,,,79,92,,134/2014/EU,,,,34.90,,,3625,,,,,,,,,,,,,,,
99MLST,1,Benzine,,,,,,73,96,,,,,,35.00,,,5250,,,,,,,,,,,,,,,
H554TF,1,Diesel,,,,,,,,,,,,,,,,,,,,,,,,,,,,,,,
H884SR,1,Benzine,5.90,7.30,9.80,175,,70,85,4,70/220*2003/76B,,,,75.00,,,4200,,,,,,,,,,,,,,,
12VXK4,1,Diesel,,,,,,,,4,,,0.00200,,96.00,,,,,,,,,,,,,,,,,,
H987SZ,1,Elektriciteit,,,,,,70,,Z,715/2007*2018/1832AX,,,,,100.00,,,,,,,,149.00,409,531,,,,,,239.00,
DZK63F,1,Benzine,,,,,,65,78,,97/24*2006/27/5,,,,1.12,,,2750,,,,,,,,,,,,,,,
H981SZ,1,Elektriciteit,,,,,,68,,Z,715/2007*630/2012ZX,,,,,60.00,,,,,,,,,,,,,,,,,
DXZ66S,1,Elektriciteit,,,,,,,,,"(EU) No 134/2014 including all amen",,,,,1.30,,,,,,,,,,,,,,,,,
DZK44F,1,Benzine,,,,,,65,80,,"134/2014 including all amendments u",,,,1.60,,,2750,,,,,,,,,,,,,,,
H345PK,1,Benzine,4.10,4.80,6.10,110,,71,77,6,715/2007*136/2014W,,0.00019,,81.00,,,3750,,,,,,,,,,,,,,,
DZG06K,1,Elektriciteit,,,,,,,,,"EU No 134/2014 up to EU 2018/295",,,,,1.00,,,,,,,,,,,,,,,,,
H788SZ,1,Diesel,7.60,9.30,12.30,251,,73,76,3,70/220*2003/76A,,0.06400,,96.00,,0.80,2625,,,,,,,,,,,,,,,
H306SN,1,Diesel,4.30,4.80,5.70,127,,70,74,6,715/2007*2015/45W,,,,173.00,,0.51,3000,,,,,,,,,,,,,,,
H537SX,1,Benzine,4.30,4.90,5.90,113,,72,80,5,715/2007*630/2012J,,,,66.00,,,3750,,,,,,,,,,,,,,,
VDH64S,1,Diesel,6.80,7.50,8.60,195,,71,74,6,715/2007*2016/646Y,,0.00177,,130.00,,0.50,2375,,,,,,,,,,,,,,,
DZK72N,1,Benzine,,,,,,66,75,,134/2014*2016/1824A1,,,,1.50,,,3000,,,,,,,,,,,,,,,
VFJ22G,1,Diesel,4.30,4.80,5.50,124,,71,72,5,715/2007*195/2013L,,0.00045,,70.00,,0.50,2700,,,,,,,,,,,,,,,
H716TG,1,Diesel,6.60,6.90,7.60,182,,68,82,6,,595/2009*2018/932D,,,105.00,,,2850,,,,,,,,,,,,,,,
TX238R,1,Benzine,4.00,4.60,5.50,105,,70,78,5,715/2007*692/2008F,,,,50.00,,,3750,,,,,,,,,,,,,,,
77MLLZ,1,Benzine,,,,,,,92,,,,,,81.00,,,3875,,,,,,,,,,,,,,,
DZD06T,1,Elektriciteit,,,,,,,,,,,,,,1.00,,,,,,,,,,,,,,,,,
20BPN1,1,Diesel,,,,,,77,87,6,,595/2009*2018/932D,,,115.00,,,1350,,,,,,,,,,,,,,,
DXZ70S,1,Elektriciteit,,,,,,,,,"(EU) No 134/2014 including all amen",,,,,1.30,,,,,,,,,,,,,,,,,
H700TB,1,Benzine,3.80,4.40,5.50,101,,69,70,6,715/2007*2016/646W,,0.00019,,70.00,,,3750,,,,,,,,,,,,,,,
57JHX4,1,Benzine,,,,,,,,3,,,,,43.00,,,,,,,,,,,,,,,,,,
VFZ25L,1,Diesel,6.20,6.70,7.70,177,,71,77,6,715/2007*2015/45W,,0.00023,,140.00,,0.52,2850,,,,,,,,,,,,,,,
DZK65F,1,Benzine,,,,,,66,77,,"EU no 134/2014 as amended 2018/295",,,,1.70,,,3250,,,,,,,,,,,,,,,
DZK06K,1,Benzine,,,,,,65,80,,"(EU) 218/295",,,,1.60,,,2750,,,,,,,,,,,,,,,
H189KN,2,Elektriciteit,,,,,,,,6,715/2007*2018/1832DG,,,,,7.20,,,,,,,,,,,,,,,11.00,,NOVC-HEV
H838LR,1,Benzine,6.40,7.50,9.40,179,,72,83,4,70/220*2002/80B,,,,95.00,,,4500,,,,,,,,,,,,,,,
DZK88D,1,Benzine,,,,,,66,78,,"no 134/2014",,,,1.90,,,3250,,,,,,,,,,,,,,,
H922SZ,1,Benzine,4.20,4.90,5.90,113,,72,75,5,715/2007*459/2012J,,0.00021,,63.00,,,3750,,,,,,,,,,,,,,,
H909SZ,1,Benzine,4.30,5.20,6.70,120,,72,76,6,715/2007*2015/45W,,0.00030,,92.00,,,3750,,,,,,,,,,,,,,,
XZ028L,1,Benzine,4.30,5.50,7.50,128,,74,74,6,715/2007*459/2012W,,0.00011,,90.00,,,3750,,,,,,,,,,,,,,,
DZ9551,1,Benzine,,,,,,,,0,,,,,16.00,,,,,,,,,,,,,,,,,,
09MLTF,1,Benzine,,,,,,76,87,,134/2014*2018/295A1,,,,59.00,,,3875,,,,,,,,,,,,,,,
H008TB,1,Elektriciteit,,,,,,,,6,,,,,,48.00,,,,,,,,,,,,,,,48.00,88.00,NOVC-HEV
DZJ73K,1,Benzine,,,,,,66,77,,97/24*2006/27/5,,,,2.00,,,3500,,,,,,,,,,,,,,,
H988SZ,1,Elektriciteit,,,,,,70,,Z,715/2007*2018/1832AX,,,,,100.00,,,,,,,,149.00,409,531,,,,,,239.00,
H362TD,2,Elektriciteit,,,,,,,,6,715/2007*2016/646W,,,,,55.00,,,,,,,,,,,,,,,52.00,83.00,OVC-HEV
05MLLV,1,Benzine,,,,,,,92,,,,,,50.00,,,3750,,,,,,,,,,,,,,,
VDN70V,2,LPG,,,,,,,,5,,,,,272.00,,,,,,,,,,,,,,,,,,
DZK58Z,1,Benzine,,,,,,65,80,,"no 134/2014",,,,1.60,,,2750,,,,,,,,,,,,,,,
H625SP,1,Benzine,,,,,,76,84,0,,,,,60.00,,,,,,,,,,,,,,,,,,
H700SX,1,Benzine,,,,178,,73,83,3,,,,,80.00,,,4350,,,,,,,,,,,,,,,
DZK85T,1,Benzine,,,,,,65,80,,"(EU) 218/295",,,,1.60,,,2750,,,,,,,,,,,,,,,
H344PB,1,Benzine,4.30,5.00,6.20,116,,71,74,5,715/2007*630/2012J,,,,90.00,,,3750,,,,,,,,,,,,,,,
H014NP,1,Benzine,,,,125,,66,78,6,715/2007*2017/1347AG,,,,110.00,,,3750,,147,,,,,,,,,,,,,
H875SX,1,Elektriciteit,,,,,,68,,Z,715/2007*2017/1347AX,,,,,28.00,,,,,,,,154.00,449,619,,,,,,150.00,
DZF97H,1,Benzine,,,,,,71,81,,134/2014*2018/295A1,,,,2.40,,,3750,,,,,,,,,,,,,,,
H205TG,1,Diesel,4.50,5.60,7.70,150,,72,76,4,70/220*2002/80B,,0.02100,,90.00,,1.71,3000,,,,,,,,,,,,,,,
H186SX,1,Elektriciteit,,,,,,,,6,,,,,,10.10,,,,,,,,,,,,,,,,32.00,NOVC-HEV
H478SZ,1,Benzine,4.20,4.90,6.20,114,,72,79,5,715/2007*630/2012J,,,,66.00,,,3750,,,,,,,,,,,,,,,
H006NS,1,Benzine,6.00,7.20,9.30,165,,73,73,6,715/2007*136/2014W,,0.00198,,141.00,,,3750,,,,,,,,,,,,,,,
DZK35N,1,Benzine,,,,,,65,78,,97/24*2006/27/5,,,,1.30,,,2750,,,,,,,,,,,,,,,
DXT89P,1,Benzine,,2.60,,57,,66,76,,134/2014*2016/1824,,,,2.60,,,3250,,,,,,,,,,,,,,,
H264RG,1,Benzine,4.10,4.60,5.50,109,,70,83,4,70/220*2003/76B,,,,50.00,,,4500,,,,,,,,,,,,,,,
DZK47N,1,Benzine,,,,,,66,78,,"EU no 134/2014*2016/1824",,,,1.70,,,3250,,,,,,,,,,,,,,,
XV946T,1,Benzine,,,,,,,,,,,,,29.50,,,,,,,,,,,,,,,,,,
H028SX,1,Elektriciteit,,,,,,,,6,,,,,,10.10,,,,,,,,,,,,,,,,32.00,NOVC-HEV
DXF48B,1,Elektriciteit,,,,,,,,,,,,,,1.80,,,,,,,,,,,,,,,,,
DZK47K,1,Benzine,,,,,,66,77,,"EU no 134/2014 as amended 2018/295",,,,1.70,,,3250,,,,,,,,,,,,,,,
DZG96N,1,Elektriciteit,,,,,,,,,,,,,,1.20,,,,,,,,,,,,,,,,,
73KPH4,1,Benzine,4.90,5.90,7.50,138,,,73,5,715/2007*692/2008A,,0.00126,,90.00,,,3750,,,,,,,,,,,,,,,
41BPN1,1,Diesel,,,,,,75,83,6,,595/2009*2018/932D,,,330.00,,,1200,,,,,,,,,,,,,,,
VFX94X,1,Diesel,7.50,8.00,9.00,210,,75,82,6,,595/2009*2018/932D,,,105.00,,,2850,,,,,,,,,,,,,,,
SX832X,1,Benzine,,,,147,,71,81,3,,,,,44.00,,,4125,,,,,,,,,,,,,,,
73MLSK,1,Elektriciteit,,,,,,,,,"EU No. 134/2014",,,,,11.00,,,,,,,,,,,,,,11.00,,,
H896PH,1,Benzine,4.20,4.90,6.10,111,,69,75,6,715/2007*2016/646W,,0.00034,,70.00,,,3750,,,,,,,,,,,,,,,
DXZ24S,1,Elektriciteit,,,,,,,,,"(EU) No 134/2014 including all amen",,,,,1.30,,,,,,,,,,,,,,,,,
52YD18,2,LPG,,,,,,,,,,,,,85.00,,,,,,,,,,,,,,,,,,
H800NT,1,Benzine,5.10,6.40,8.70,152,,74,81,4,70/220*2003/76B,,,,125.00,,,5025,,,,,,,,,,,,,,,
DZK04S,1,Benzine,,,,,,65,80,,"No 134/2014",,,,1.60,,,2750,,,,,,,,,,,,,,,
DXN55B,1,Elektriciteit,,,,,,,,,"(EU) No 134/2014 including all amen",,,,,1.30,,,,,,,,,,,,,,,,,
DZH30G,1,Benzine,,,,,,65,75,,"EU No 134/2014*2016/1824",,,,1.90,,,3250,,,,,,,,,,,,,,,
96BXTL,1,Diesel,,,,,,,78,4,,,0.02300,,51.00,,,3000,,,,,,,,,,,,,,,
DZK03V,1,Benzine,,,,,,65,80,,"(EU) 218/295",,,,1.60,,,2750,,,,,,,,,,,,,,,
SX650P,1,Benzine,3.40,3.80,4.50,88,,73,83,6,715/2007*195/2013W,,,,59.00,,,4125,,,,,,,,,,,,,,,
H627PD,1,Benzine,6.20,7.50,9.50,176,,70,79,4,70/220*2003/76B,,,,76.00,,,4500,,,,,,,,,,,,,,,
9KRN05,1,Benzine,3.70,4.30,5.30,99,,70,79,5,715/2007*630/2012J,,,,66.00,,,3750,,,,,,,,,,,,,,,
H779SZ,1,Benzine,5.00,5.40,6.30,125,,69,72,6,715/2007*2016/646W,,0.00037,,88.30,,,3750,,,,,,,,,,,,,,,
H491ST,1,Elektriciteit,,,,,,71,,Z,715/2007*2017/1347AX,,,,,29.00,,,,,,,,159.00,455,615,,,,,,150.00,
H273KH,1,Benzine,4.50,5.10,6.20,120,,71,82,4,70/220*2003/76B,,,,74.00,,,3750,,,,,,,,,,,,,,,
97MLSF,1,Benzine,,,,,,,93,,,,,,75.00,,,6000,,,,,,,,,,,,,,,
H359SX,1,Benzine,4.00,4.60,5.50,105,,70,78,5,715/2007*692/2008F,,,,50.00,,,3750,,,,,,,,,,,,,,,
22MLSN,1,Benzine,,,,,,73,83,,"(EU) 134/2014*(EU) 2016/1824",,,,11.10,,,4000,,,,,,,,,,,,,,,
81MLTF,1,Benzine,,,,,,,105,,,,,,114.00,,,4625,,,,,,,,,,,,,,,
H823SZ,2,Elektriciteit,,,,,,,,6,715/2007*2018/1832DG,,,,,28.00,,,,,,,,,,,,,,,,,OVC-HEV
DXG66B,1,Benzine,,,,,,70,80,,"EU no 134/2014*2016/1824",,,,2.25,,,3500,,,,,,,,,,,,,,,
VFX88Z,1,Diesel,7.20,7.70,8.50,202,,73,85,6,715/2007*136/2014Y,,0.00092,,114.60,,0.15,2625,,,,,,,,,,,,,,,
H234SF,1,Benzine,3.90,4.50,5.60,105,,71,87,5,715/2007*136/2014J,,,,52.00,,,3750,,,,,,,,,,,,,,,
06MLSZ,1,Benzine,,,,,,77,92,,134/2014*2018/295,,,,93.00,,,4125,,,,,,,,,,,,,,,
DXG39S,1,Benzine,,,,,,66,81,,134/2014*2018/295A1,,,,1.50,,,3125,,,,,,,,,,,,,,,
52MLTF,1,Benzine,,,,,,79,92,,,,,,57.00,,,2625,,,,,,,,,,,,,,,
ZT083Z,1,Benzine,,,,272,,75,80,5,,,,,209.00,,,3750,,,,,,,,,,,,,,,
VFZ73L,1,Diesel,7.10,7.50,8.00,193,,70,82,6,715/2007*2016/646Y,,0.00064,,125.00,,0.47,2625,,,,,,,,,,,,,,,
H599SZ,1,Benzine,6.80,8.30,10.80,189,,67,84,6,715/2007*2016/646W,,0.00029,,260.00,,,3750,,,,,,,,,,,,,,,
H838SZ,1,Benzine,,4.10,,93,,69,76,6,715/2007*2017/1154AD,,,,53.00,,,3750,,114,,5.00,,,,,,,,,,,
H606LV,1,Benzine,3.70,4.30,5.40,99,,69,74,6,715/2007*2015/45W,,0.00135,,92.00,,,3750,,,,,,,,,,,,,,,
H454SV,1,Elektriciteit,,,,,,,,6,,,,,,48.00,,,,,,,,,,,,,,,48.00,88.00,NOVC-HEV
V692SV,1,Diesel,,,,,,,,3,,,,,81.00,,,,,,,,,,,,,,,,,,
83MLSK,1,Benzine,,,,,,74,85,,"(EU) 134/2014*(EU) 2018/295",,,,24.50,,,3500,,,,,,,,,,,,,,,
H999SG,1,Benzine,3.90,4.50,5.50,106,,71,80,4,70/220*2003/76B,,,,50.00,,,4500,,,,,,,,,,,,,,,
H535SX,1,Benzine,5.10,6.20,8.20,144,,72,75,5,715/2007*692/2008A,,0.00142,,90.00,,,3750,,,,,,,,,,,,,,,
96MLTK,1,Benzine,,,,,,78,99,,,,,,132.00,,,6250,,,,,,,,,,,,,,,
VFX30P,1,Diesel,5.70,6.20,6.90,161,,72,77,6,715/2007*2015/45Y,,,,110.00,,0.50,2375,,,,,,,,,,,,,,,
H195TG,1,Benzine,7.30,10.30,15.50,247,,72,79,3,70/220*2001/100A,,,,162.00,,,4125,,,,,,,,,,,,,,,
H342SR,1,Elektriciteit,,,,,,68,,Z,715/2007*2018/1832AX,,,,,28.00,,,,,,,,147.00,484,660,,,,,,150.00,
48MLTF,1,Benzine,,,,,,73,90,,134/2014*2016/1824A1,,,,51.00,,,4250,,,,,,,,,,,,,,,
G819SF,1,Benzine,,,,125,,66,78,6,715/2007*2017/1347AG,,,,110.00,,,3750,,146,,,,,,,,,,,,,
DXP92V,1,Benzine,,,,,,71,81,,134/2014*2018/295A1,,,,2.40,,,3750,,,,,,,,,,,,,,,
72MLSX,1,Benzine,,,,,,72,90,,"(EU) 134/2014*(EU) 2018/295",,,,55.00,,,4500,,,,,,,,,,,,,,,
H764SL,1,Elektriciteit,,,,,,68,,Z,715/2007*2018/1832AX,,,,,28.00,,,,,,,,147.00,484,660,,,,,,150.00,
G466RS,1,Benzine,4.00,4.70,6.00,108,,71,77,6,715/2007*136/2014W,,,,49.00,,,3750,,,,,,,,,,,,,,,
DZK82T,1,Benzine,,,,,,65,80,,"(EU) 218/295",,,,1.60,,,2750,,,,,,,,,,,,,,,
57MKVL,1,Benzine,,,,,,,84,,,,,,35.00,,,4250,,,,,,,,,,,,,,,
H604PD,1,Benzine,5.10,5.60,6.60,129,,70,73,6,715/2007*2016/646W,,0.00050,,85.00,,,3375,,,,,,,,,,,,,,,
97MLTB,1,Benzine,,,,,,78,88,,,,,,65.00,,,3800,,,,,,,,,,,,,,,
MT24XX,1,Benzine,,,,,,79,90,,,,,,74.00,,,3750,,,,,,,,,,,,,,,
H877SK,1,Benzine,4.60,5.30,6.50,123,,70,79,5,715/2007*692/2008A,,0.00222,,77.00,,,3750,,,,,,,,,,,,,,,
H746TB,1,Benzine,7.90,10.70,15.50,249,,73,80,5,715/2007*692/2008A,,0.00037,,300.00,,,3750,,,,,,,,,,,,,,,
DZH78S,1,Benzine,,,,,,66,78,,"no 134/2014",,,,1.90,,,3250,,,,,,,,,,,,,,,
DZH59L,1,Benzine,,2.10,,47,,71,78,,134/2014*2016/1824A1,,,,2.70,,,4000,,,,,,,,,,,,,,,
H193TG,2,Elektriciteit,,,,,,,,6,715/2007*2015/45W,,,,,10.10,,,,,,,,,,,,,,,,,
RR631K,1,Benzine,4.10,4.70,5.80,106,,68,73,6,715/2007*2016/646W,,0.00024,,70.00,,,3750,,,,,,,,,,,,,,,
DZK03P,1,Benzine,,,,,,66,78,,134/2014*2018/295A1,,,,1.60,,,2750,,,,,,,,,,,,,,,
DXT86G,1,Benzine,,,,,,65,80,,"(EU) No 134/2014 to (EU) 2018/295",,,,1.60,,,2750,,,,,,,,,,,,,,,
DZD50N,1,Benzine,,3.60,,82,,66,76,,134/2014*2016/1824,,,,2.20,,,3250,,,,,,,,,,,,,,,
H475TG,1,Elektriciteit,,,,,,66,,Z,715/2007*2016/646ZX,,,,,75.00,,,,,,,,,,,,,,,,125.00,
DZD07T,1,Elektriciteit,,,,,,,,,,,,,,1.00,,,,,,,,,,,,,,,,,
DZK91J,1,Benzine,,,,,,66,81,,134/2014*2018/295A1,,,,1.50,,,3125,,,,,,,,,,,,,,,
H700SZ,1,Benzine,4.40,5.20,6.70,123,,70,77,5,715/2007*692/2008A,,,,51.00,,,4125,,,,,,,,,,,,,,,
DZD44S,1,Benzine,,,,,,66,78,,134/2014*2018/295A1,,,,1.60,,,2750,,,,,,,,,,,,,,,
XV789V,1,Diesel,4.00,4.50,5.40,117,,70,69,6,715/2007*2016/646ZD,,,,110.00,,0.50,2375,,,,,,,,,,,,,,,
DZD99D,1,Benzine,,,,,,66,78,,134/2014*2018/295A1,,,,1.60,,,2750,,,,,,,,,,,,,,,
60DTP6,1,Benzine,,,,,,,,,,,,,1.05,,,,,,,,,,,,,,,,,,
H616TB,1,Diesel,7.60,8.70,11.50,229,,72,76,5,715/2007*195/2013J,,0.00124,,250.00,,0.65,3000,,,,,,,,,,,,,,,
DXB72F,1,Benzine,,,,,,71,81,,134/2014*2018/295A1,,,,2.40,,,3750,,,,,,,,,,,,,,,
67MLSZ,1,Benzine,,,,,,75,86,,134/2014*2018/295A1,,,,38.00,,,3100,,,,,,,,,,,,,,,
H130FR,1,Benzine,4.30,5.20,6.60,121,,70,82,6,715/2007*136/2014W,,,,66.00,,,3750,,,,,,,,,,,,,,,
97MLTK,1,Benzine,,,,,,,90,,,,,,57.00,,,5250,,,,,,,,,,,,,,,
40MLTF,1,Benzine,,,,,,76,94,,134/2014*2018/295A2,,,,121.00,,,5500,,,,,,,,,,,,,,,
ZS306S,2,Elektriciteit,,,,,,,,Z,715/2007*2015/45W,,,,,10.10,,,,,,,,,,,,,,,,,NOVC-HEV
DZL40D,1,Benzine,,,,,,65,80,,"(EU) 218/295",,,,1.60,,,2750,,,,,,,,,,,,,,,
DXZ68S,1,Elektriciteit,,,,,,,,,"(EU) No 134/2014 including all amen",,,,,1.30,,,,,,,,,,,,,,,,,
H960FH,1,Benzine,4.30,5.20,6.80,120,,70,82,6,715/2007*136/2014W,,,,66.00,,,3750,,,,,,,,,,,,,,,
VFL19X,1,Diesel,7.10,7.80,8.90,204,,75,79,6,715/2007*2017/1347Y,,0.00031,,96.00,,0.43,2625,,,,,,,,,,,,,,,
H393HG,1,Benzine,4.10,5.00,6.50,119,,71,79,4,R/83II-05,,,,38.00,,,4500,,,,,,,,,,,,,,,
DZK39R,1,Benzine,,,,,,71,81,,"134/2014/EU, 2016/1824/EU",,,,2.10,,,3125,,,,,,,,,,,,,,,
45MKRV,1,Benzine,,,,,,71,86,,,,,,40.30,,,3125,,,,,,,,,,,,,,,
DXZ45S,1,Elektriciteit,,,,,,,,,"(EU) No 134/2014 including all amen",,,,,1.30,,,,,,,,,,,,,,,,,
DZK88T,1,Benzine,,,,,,66,76,,"EU no 134/2014 as amended 2016/1824",,,,1.70,,,3250,,,,,,,,,,,,,,,
DRG48K,1,Benzine,,,,,,66,75,,"EU no 134/2014 as amended 2016/1824",,,,1.70,,,3250,,,,,,,,,,,,,,,
H409SZ,1,Elektriciteit,,,,,,70,,Z,715/2007*2018/1832AX,,,,,100.00,,,,,,,,149.00,409,531,,,,,,239.00,
H176SX,1,Elektriciteit,,,,,,,,6,,,,,,10.10,,,,,,,,,,,,,,,,32.00,NOVC-HEV
H744SX,1,Benzine,4.80,5.40,6.30,125,,73,74,6,715/2007*2015/45W,,0.00157,,96.00,,,3750,,,,,,,,,,,,,,,
H677SZ,1,Benzine,,,,,,78,80,0,,,,,80.00,,,3900,,,,,,,,,,,,,,,
H727SL,1,Elektriciteit,,,,,,68,,Z,715/2007*2018/1832AX,,,,,28.00,,,,,,,,147.00,484,660,,,,,,150.00,
77NZG7,1,Benzine,5.90,7.20,9.60,173,,,82,4,70/220*2003/76B,,,,125.00,,,3800,,,,,,,,,,,,,,,
11MLTF,1,Benzine,,,,,,76,87,,134/2014*2018/295A1,,,,59.00,,,3875,,,,,,,,,,,,,,,
09FJVD,1,Benzine,6.00,7.10,9.00,166,,,82,2,70/220*1996/69,,,,44.00,,,3750,,,,,,,,,,,,,,,
VFZ06G,1,Diesel,6.70,7.00,7.60,183,,74,84,6,715/2007*2017/1347Y,,0.00051,,107.00,,0.33,2625,,,,,,,,,,,,,,,
F557PT,1,Benzine,,,,,,,80,,,,,,1.70,,,3750,,,,,,,,,,,,,,,
G656VG,1,Benzine,5.20,6.20,7.90,146,,73,82,4,70/220*2003/76B,,,,57.00,,,4500,,,,,,,,,,,,,,,
H033SX,1,Elektriciteit,,,,,,71,,Z,715/2007*2017/1347AX,,,,,29.00,,,,,,,,159.00,455,615,,,,,,150.00,
DKF57T,1,Benzine,,,,,,66,75,,"97/24/EC chapter 5 Annex I, as late",,,,2.60,,,4250,,,,,,,,,,,,,,,
H515SK,1,Benzine,5.70,6.80,8.70,158,,72,76,5,715/2007*630/2012J,,,,103.00,,,3750,,,,,,,,,,,,,,,
VFT73T,1,Diesel,7.40,7.40,7.30,193,,75,82,6,715/2007*2016/646ZF,,0.00013,,120.00,,0.51,2850,,,,,,,,,,,,,,,
57VHX9,1,Diesel,,,,,,,,4,,,0.04200,,85.00,,,,,,,,,,,,,,,,,,
H308TD,1,Benzine,5.60,6.70,8.50,159,,72,75,4,70/220*2006/96B,,,,118.00,,,3800,,,,,,,,,,,,,,,
H786SZ,1,Benzine,5.80,7.30,9.90,174,,71,86,4,70/220*2003/76B,,,,93.00,,,4875,,,,,,,,,,,,,,,
05MLTH,1,Benzine,,,,,,80,87,,,,,,35.00,,,4050,,,,,,,,,,,,,,,
VFZ64G,1,Diesel,,,,203,,74,77,5,715/2007*136/2014M,,,,75.00,,,2375,,,,,,,,,,,,,,,
DZK15G,1,Benzine,,,,,,66,75,,134/2014*2016/1824A1,,,,1.50,,,3000,,,,,,,,,,,,,,,
DZK55K,1,Elektriciteit,,,,,,,,,,,,,,0.50,,,,,,,,,,,,,,,,,
81MLTG,1,Benzine,,,,,,,90,,,,,,44.00,,,3750,,,,,,,,,,,,,,,
H749HP,1,Benzine,,,,113,,73,78,6,715/2007*2017/1347AD,,,,66.00,,,3750,,135,,,,,,,,,,,,,
VBT20Z,1,Diesel,,,,232,,76,84,5,,,,,95.00,,,2850,,,,,,,,,,,,,,,
DZG81B,1,Elektriciteit,,,,,,,,,,,,,,0.30,,,,,,,,,,,,,,,,,
F618VS,1,Benzine,,,,,,,76,,,,,,1.80,,,3750,,,,,,,,,,,,,,,
H077TB,1,Elektriciteit,,,,,,68,,Z,715/2007*2018/1832AX,,,,,51.00,,,,,,,,180.00,381,534,,,,,51.00,100.00,
VFZ64L,1,Diesel,,,,234,,74,85,6,,595/2009*2018/932D,,,132.00,,0.53,2625,,,,,,,,,,,,,,,
H539JL,1,Elektriciteit,,,,,,70,,Z,715/2007*2018/1832AX,,,,,100.00,,,,,,,,149.00,409,531,,,,,,239.00,
H744LJ,1,Diesel,3.50,4.20,5.30,109,,73,79,6,715/2007*136/2014W,,0.00011,,132.00,,0.51,2813,,,,,,,,,,,,,,,
H396HG,1,Benzine,5.90,7.30,9.70,170,,73,83,5,715/2007*692/2008A,,0.00276,,128.00,,,3750,,,,,,,,,,,,,,,
H779PP,1,Benzine,3.80,4.40,5.50,103,,69,82,5,715/2007*692/2008A,,,,50.00,,,4500,,,,,,,,,,,,,,,
VFR92S,1,Diesel,6.70,7.00,7.60,183,,74,84,6,715/2007*2017/1347Y,,0.00051,,107.00,,0.33,2625,,,,,,,,,,,,,,,
H496ST,1,Elektriciteit,,,,,,71,,Z,715/2007*2018/1832AX,,,,,29.00,,,,,,,,159.00,455,615,,,,,,150.00,
H550JJ,1,Diesel,3.90,4.50,5.60,119,,73,76,5,715/2007*195/2013J,,0.00012,,85.00,,0.51,3000,,,,,,,,,,,,,,,
DRL62N,1,Benzine,,,,,,66,81,,134/2014*2016/1824,,,,1.50,,,3125,,,,,,,,,,,,,,,
VFZ20K,1,Diesel,7.10,7.50,8.00,193,,70,82,6,715/2007*2016/646Y,,0.00064,,125.00,,0.47,2625,,,,,,,,,,,,,,,
D170PB,1,Benzine,,,,,,,73,,,,,,1.62,,,2750,,,,,,,,,,,,,,,
H225SV,1,Benzine,5.20,6.00,7.40,140,,74,78,5,715/2007*692/2008A,,,,90.00,,,3750,,,,,,,,,,,,,,,
H745JP,1,Benzine,3.90,4.00,3.90,92,,74,74,6,715/2007*2016/427W,,,,73.00,,,2500,,,,,,,,,,,,,,,NOVC-HEV
H794GN,1,Benzine,4.50,5.40,6.90,125,,73,75,6,715/2007*136/2014W,,0.00032,,90.00,,,3750,,,,,,,,,,,,,,,
DZK37H,1,Benzine,,,,,,65,78,,97/24*2006/27/5,,,,1.30,,,2750,,,,,,,,,,,,,,,
VFX26X,1,Diesel,5.20,6.00,7.30,156,,73,77,6,715/2007*2015/45Y,,,,75.00,,0.50,2375,,,,,,,,,,,,,,,
H253NZ,1,Benzine,4.90,5.80,7.60,135,,73,78,5,715/2007*692/2008A,,,,55.00,,,4125,,,,,,,,,,,,,,,
H883SZ,1,Benzine,4.90,5.80,7.50,135,,73,82,6,715/2007*2015/45W,,,,73.60,,,3750,,,,,,,,,,,,,,,
DSF47N,1,Benzine,,,,,,65,80,,"(EU) No 134/2014",,,,1.60,,,2750,,,,,,,,,,,,,,,
DZJ39V,1,Benzine,,,,,,66,75,,134/2014*2016/1824A1,,,,1.50,,,3000,,,,,,,,,,,,,,,
DXZ50S,1,Elektriciteit,,,,,,,,,"(EU) No 134/2014 including all amen",,,,,1.30,,,,,,,,,,,,,,,,,
G974VB,1,Benzine,,,,138,,72,84,3,,,,,55.00,,,4125,,,,,,,,,,,,,,,
H544SX,1,Benzine,4.90,6.10,8.40,144,,72,73,5,715/2007*692/2008A,,,,103.00,,,3750,,,,,,,,,,,,,,,
H879SX,1,Benzine,4.90,6.00,7.70,136,,67,72,6,715/2007*2016/646W,,0.00238,,103.00,,,3750,,,,,,,,,,,,,,,
DXS62T,1,Benzine,,,,,,66,78,,"EU no 134/2014 as amended 2016/1824",,,,1.70,,,3250,,,,,,,,,,,,,,,
40BPN1,1,Diesel,,,,,,77,87,6,,595/2009*2018/932D,,,130.00,,,1350,,,,,,,,,,,,,,,
04MKST,1,Benzine,,,,,,,97,,,,,,128.00,,,5850,,,,,,,,,,,,,,,
H723TG,1,Diesel,,,,,,,,3,,,,,94.00,,,,,,,,,,,,,,,,,,
DXZ24H,1,Benzine,,2.60,,57,,71,76,,134/2014*2016/1824A1,,,,2.60,,,3750,,,,,,,,,,,,,,,
12MLTF,1,Benzine,,,,,,74,87,,"(EU) 134/2014*(EU) 2016/1824",,,,82.40,,,3625,,,,,,,,,,,,,,,
H578SX,1,Benzine,5.50,6.40,7.90,144,,69,74,6,715/2007*2015/45W,,0.00104,,84.00,,,3375,,,,,,,,,,,,,,,
H061JH,1,Benzine,4.80,5.80,7.70,138,,71,73,4,70/220*2003/76B,,,,40.00,,,3563,,,,,,,,,,,,,,,
DXN09N,1,Benzine,,2.90,,65,,65,78,,134/2014*2016/1824A1,,,,2.70,,,4000,,,,,,,,,,,,,,,
89MLJV,1,Benzine,,,,,,76,88,,134/2014*2018/295,,,,100.00,,,3875,,,,,,,,,,,,,,,
H394TB,2,Elektriciteit,,,,,,,,6,715/2007*2018/1832AM,,,,,30.00,,,,,,,,,,,162.00,44,54,,8.00,60.00,OVC-HEV
H725SX,1,Benzine,5.60,6.80,9.00,159,,73,74,5,715/2007*692/2008A,,0.00328,,135.00,,,3937,,,,,,,,,,,,,,,
40MLTB,1,Benzine,,,,,,73,89,,"(EU) 134/2014*(EU)  2016/1824",,,,30.90,,,5375,,,,,,,,,,,,,,,
H002TD,1,Benzine,6.20,7.70,10.30,180,,71,75,5,715/2007*459/2012J,,0.00215,,135.00,,,3750,,,,,,,,,,,,,,,
H429SX,1,Diesel,,,,,,72,84,4,70/220*2003/76B,,,,116.00,,,2625,,,,,,,,,,,,,,,
DZK85N,1,Benzine,,,,,,65,75,,"EU No 134/2014*2016/1824",,,,1.90,,,3250,,,,,,,,,,,,,,,
H266FK,1,Benzine,5.10,5.60,6.60,130,,71,77,6,715/2007*2015/45W,,,,66.20,,,3750,,,,,,,,,,,,,,,
59MLTD,1,Benzine,,,,,,76,87,,134/2014*2018/295A1,,,,59.00,,,3875,,,,,,,,,,,,,,,
DZK08D,1,Elektriciteit,,,,,,,,,"(EU) No 134/2014 including all amen",,,,,1.20,,,,,,,,,,,,,,,,,
DZK08G,1,Benzine,,,,,,66,75,,134/2014*2016/1824A1,,,,1.50,,,3000,,,,,,,,,,,,,,,
DZK62P,1,Elektriciteit,,,,,,,,,,,,,,1.75,,,,,,,,,,,,,,,,,
G831JN,1,Diesel,5.00,6.00,7.80,159,,72,77,4,70/220*2003/76B,,0.00030,,100.00,,0.51,3000,,,,,,,,,,,,,,,
H339SN,1,Benzine,5.40,6.70,9.00,161,,73,83,4,70/220*2003/76B,,,,74.00,,,4500,,,,,,,,,,,,,,,
H735SZ,1,Benzine,4.90,5.90,7.50,136,,71,80,5,715/2007*630/2012J,,0.00090,,121.00,,,3750,,,,,,,,,,,,,,,
H674GZ,1,Benzine,4.40,5.00,6.10,116,,71,76,5,715/2007*692/2008F,,,,69.00,,,3750,,,,,,,,,,,,,,,
G910DD,1,Benzine,,,,143,,,,4,,,,,47.00,,,,,,,,,,,,,,,,,,
H398TB,2,Elektriciteit,,,,,,,,6,715/2007*2018/1832DG,,,,,28.00,,,,,,,,,,,179.00,41,49,,10.00,65.00,OVC-HEV
H751SX,1,Benzine,5.10,5.90,7.40,139,,72,75,4,70/220*2003/76B,,,,48.00,,,3900,,,,,,,,,,,,,,,
H775SZ,1,Benzine,6.90,8.30,10.70,193,,69,81,6,715/2007*136/2014W,,0.00033,,225.00,,,3750,,,,,,,,,,,,,,,
DZK21K,1,Benzine,,,,,,65,80,,"(EU) 218/295",,,,1.60,,,2750,,,,,,,,,,,,,,,
DZK75K,1,Benzine,,,,,,66,78,,"EU no 134/2014 as amended 2016/1824",,,,1.70,,,3250,,,,,,,,,,,,,,,
VFK33N,1,Diesel,5.50,6.00,6.70,156,,72,77,6,715/2007*2015/45Y,,,,110.00,,0.50,2375,,,,,,,,,,,,,,,
H985NN,1,Benzine,5.60,6.20,7.30,140,,71,75,6,715/2007*2015/45W,,0.00049,,84.00,,,3375,,,,,,,,,,,,,,,
DZD38X,1,Elektriciteit,,,,,,,,,"(EU) No 134/2014 including all amen",,,,,1.60,,,,,,,,,,,,,,,,,
52LJF9,1,Benzine,4.10,4.70,5.60,110,,73,86,5,715/2007*692/2008A,,,,51.00,,,4125,,,,,,,,,,,,,,,
H889SZ,1,Diesel,6.00,6.70,7.90,177,,73,80,6,715/2007*136/2014Y,,0.00096,,110.00,,0.52,2625,,,,,,,,,,,,,,,
VDG20S,1,Diesel,7.00,7.30,7.80,187,,76,85,6,715/2007*136/2014Y,,0.00092,,115.00,,0.15,2625,,,,,,,,,,,,,,,
H443TB,1,Elektriciteit,,,,,,,,6,,,,,,55.00,,,,,,,,,,,,,,,55.00,83.00,OVC-HEV
H942SX,1,Elektriciteit,,,,,,,,6,,,,,,48.00,,,,,,,,,,,254.00,39,43,,48.00,105.00,OVC-HEV
G284PG,1,Diesel,5.90,7.60,10.60,200,,70,73,4,70/220*2006/96B,,0.00380,,165.00,,0.50,2850,,,,,,,,,,,,,,,
VFX70J,1,Diesel,,,,203,,73,79,5,715/2007*136/2014M,,,,114.00,,,2625,,,,,,,,,,,,,,,
05DTBB,1,Benzine,,,,,,,96,1,,,,,,,,4875,,,,,,,,,,,,,,,
98MLTK,1,Benzine,,,,,,,92,,,,,,53.00,,,4250,,,,,,,,,,,,,,,
50MLTF,1,Benzine,,,,,,73,90,,134/2014*2018/295A1,,,,50.20,,,4000,,,,,,,,,,,,,,,
H663SR,1,Diesel,,,,,,,87,3,,,,,79.00,,,3000,,,,,,,,,,,,,,,
H034NN,1,Benzine,3.70,4.20,5.00,95,,71,87,6,715/2007*2015/45W,,,,52.00,,,3750,,,,,,,,,,,,,,,
DZK69S,1,Benzine,,,,,,66,78,,"EU no 134/2014 as amended 2016/1824",,,,1.70,,,3250,,,,,,,,,,,,,,,
G994JZ,1,Benzine,,,,135,,67,67,6,715/2007*2017/1347AG,,,,103.00,,,2565,,,,,,,,,,,,,,,
86MJHL,1,Benzine,,,,,,,89,,,,,,78.00,,,3625,,,,,,,,,,,,,,,
DZK06S,1,Benzine,,,,,,65,80,,"No 134/2014",,,,1.60,,,2750,,,,,,,,,,,,,,,
H289LD,1,Elektriciteit,,,,,,70,,Z,715/2007*2018/1832AX,,,,,100.00,,,,,,,,149.00,409,531,,,,,,239.00,
DZK14P,1,Elektriciteit,,,,,,,,,,,,,,,,,,,,,,,,,,,,,,,
D947GF,1,Benzine,,,,,,,77,,,,,,1.00,,,2625,,,,,,,,,,,,,,,
H620SP,1,Benzine,4.50,5.50,7.30,128,,73,74,5,715/2007*692/2008A,,,,44.00,,,3800,,,,,,,,,,,,,,,
DXV89J,1,Benzine,,2.60,,57,,66,76,,134/2014*2016/1824,,,,2.60,,,3250,,,,,,,,,,,,,,,
DZB89Z,1,Benzine,,,,,,66,78,,134/2014*2018/295A1,,,,1.60,,,2750,,,,,,,,,,,,,,,
H686SZ,2,Benzine,6.60,8.80,12.50,209,,71,73,4,70/220*2003/76B,,,,170.00,,,3600,,,,,,,,,,,,,,,
DZH92P,1,Benzine,,,,,,66,78,,134/2014*2018/295A1,,,,1.60,,,2750,,,,,,,,,,,,,,,
G917GF,1,Diesel,4.60,5.10,5.80,133,,68,75,6,715/2007*2017/1347BG,,,,140.00,,0.28,2850,,,,,,,,,,,,,,,
VFX36S,1,Diesel,7.60,7.80,8.10,204,,68,82,6,,595/2009*2018/932D,,,84.00,,,2850,,,,,,,,,,,,,,,
DXZ18S,1,Elektriciteit,,,,,,,,,"(EU) No 134/2014 including all amen",,,,,1.30,,,,,,,,,,,,,,,,,
02JLFT,1,Benzine,5.00,6.00,7.70,144,,70,84,3,70/220*1999/102A,,,,63.00,,,4500,,,,,,,,,,,,,,,
57MLTH,1,Benzine,,,,,,78,88,,134/2014/EU,,,,18.02,,,3250,,,,,,,,,,,,,,,
H729TG,1,Diesel,6.00,7.20,9.40,190,,75,77,5,715/2007*195/2013M,,0.00006,,62.00,,0.50,2375,,,,,,,,,,,,,,,
H554SN,1,Benzine,4.50,5.50,7.30,128,,73,74,5,715/2007*692/2008A,,,,44.00,,,3800,,,,,,,,,,,,,,,
H537TF,1,Benzine,,,,,,,,,,,,,,,,,,,,,,,,,,,,,,,
VFX87Z,1,Diesel,7.50,8.30,9.70,218,,75,82,5,715/2007*136/2014M,,0.00030,,95.00,,0.40,2850,,,,,,,,,,,,,,,
H256SX,1,Benzine,4.40,5.00,6.10,116,,71,76,5,715/2007*692/2008F,,,,69.00,,,3750,,,,,,,,,,,,,,,
H640SB,1,Benzine,6.70,8.20,10.80,192,,74,100,6,715/2007*136/2014W,,0.00056,,375.00,,,3750,,,,,,,,,,,,,,,
DZK66F,1,Elektriciteit,,,,,,,,,,,,,,,,,,,,,,,,,,,,,,,
88MLSZ,1,Elektriciteit,,,,,,,,,"EU No. 134/2014",,,,,40.00,,,,,,,,,,,,,,40.00,,,
H135SN,1,Elektriciteit,,,,,,67,,Z,715/2007*2018/1832AX,,,,,100.00,,,,,,,,154.00,231,316,,,,,,100.00,
01MKRR,1,Benzine,,,,,,78,90,,,,,,78.00,,,5125,,,,,,,,,,,,,,,
DZL44D,1,Benzine,,,,,,70,79,,"(EU) 218/295",,,,1.80,,,3000,,,,,,,,,,,,,,,
DZK94R,1,Benzine,,,,,,65,80,,"No 134/2014",,,,1.60,,,2750,,,,,,,,,,,,,,,
H761PT,1,Benzine,,,,276,,73,84,6,,,,,211.00,,,3750,,,,,,,,,,,,,,,
V471SF,1,Benzine,,,,309,,75,87,6,,,,,295.00,,,3750,,,,,,,,,,,,,,,
DPG92X,1,Benzine,,,,,,66,81,,168/2013*134/2014,,,,1.50,,,3125,,,,,,,,,,,,,,,
H314TD,1,Benzine,5.10,6.70,9.40,155,,71,85,5,715/2007*692/2008A,,0.00158,,115.00,,,3750,,,,,,,,,,,,,,,
H843SV,1,Elektriciteit,,,,,,,,6,,,,,,48.00,,,,,,,,,,,,,,,48.00,88.00,NOVC-HEV
H739ST,1,Benzine,4.80,6.00,8.00,137,,74,78,5,715/2007*692/2008F,,,,88.00,,,3750,,,,,,,,,,,,,,,
DXZ59S,1,Elektriciteit,,,,,,,,,"(EU) No 134/2014 including all amen",,,,,1.30,,,,,,,,,,,,,,,,,
DXZ46S,1,Elektriciteit,,,,,,,,,"(EU) No 134/2014 including all amen",,,,,1.30,,,,,,,,,,,,,,,,,
DZK45J,1,Benzine,,2.60,,57,,71,76,,134/2014*2016/1824A1,,,,2.60,,,3750,,,,,,,,,,,,,,,
MXRN48,1,Benzine,,,,,,,81,,,,,,25.00,,,3600,,,,,,,,,,,,,,,
VFZ33L,1,Diesel,7.30,7.80,8.60,204,,78,77,6,715/2007*2016/646Y,,0.00120,,165.00,,0.50,2375,,,,,,,,,,,,,,,
DZD65S,1,Benzine,,,,,,68,80,,97/24*2006/27/5,,,,2.20,,,3625,,,,,,,,,,,,,,,
74MLTH,1,Benzine,,,,,,73,89,,"(EU) 134/2014*(EU) 2018/295",,,,54.00,,,4375,,,,,,,,,,,,,,,
H918TB,1,Benzine,5.40,6.30,7.90,147,,71,73,6,715/2007*2015/45W,,0.00113,,97.00,,,3750,,,,,,,,,,,,,,,
H431LL,1,Benzine,4.10,4.60,5.50,109,,70,83,4,70/220*2003/76B,,,,50.00,,,4500,,,,,,,,,,,,,,,
DTJ18L,1,Benzine,,2.90,,65,,65,78,,134/2014*2016/1824A1,,,,2.70,,,4000,,,,,,,,,,,,,,,
H115SZ,1,Elektriciteit,,,,,,,,6,,,,,,48.00,,,,,,,,,,,,,,,48.00,88.00,NOVC-HEV
DVG31L,1,Benzine,,3.60,,82,,66,76,,134/2014*2016/1824,,,,2.20,,,3250,,,,,,,,,,,,,,,
DLR14H,1,Benzine,,,,,,65,73,,"97/24/EC amend.2009/108/EC chapter5",,,,1.80,,,3500,,,,,,,,,,,,,,,
H035SR,1,Elektriciteit,,,,,,,,6,,,,,,48.00,,,,,,,,,,,,,,,48.00,88.00,NOVC-HEV
H172SX,1,Elektriciteit,,,,,,68,,Z,715/2007*2018/1832AX,,,,,28.00,,,,,,,,154.00,449,619,,,,,,150.00,
DXX98J,1,Benzine,,,,,,66,81,,134/2014*2018/295A1,,,,1.50,,,3125,,,,,,,,,,,,,,,
H847SK,1,Benzine,5.20,6.50,8.60,150,,73,79,6,715/2007*2015/45W,,,,91.50,,,3750,,,,,,,,,,,,,,,
DZJ07H,1,Benzine,,,,,,66,78,,"EU no 134/2014 as amended 2016/1824",,,,1.70,,,3250,,,,,,,,,,,,,,,
H653TB,1,Benzine,5.00,5.70,6.80,130,,70,74,6,715/2007*2016/646W,,0.00023,,110.00,,,3750,,,,,,,,,,,,,,,
H009TD,1,Benzine,4.50,5.50,7.30,128,,73,74,5,715/2007*692/2008A,,,,44.00,,,3800,,,,,,,,,,,,,,,
H960ST,1,Benzine,4.90,5.60,6.80,128,,69,77,5,715/2007*195/2013J,,,,69.00,,,3750,,,,,,,,,,,,,,,
DVP23P,1,Benzine,,,,,,66,81,,134/2014*2018/295A1,,,,1.50,,,3125,,,,,,,,,,,,,,,
H404TB,2,Elektriciteit,,,,,,,,6,715/2007*2018/1832DG,,,,,28.00,,,,,,,,,,,160.00,56,59,,10.00,65.00,OVC-HEV
H722TG,1,Diesel,5.80,6.70,8.30,176,,74,77,5,715/2007*195/2013M,,0.00025,,84.00,,0.30,2375,,,,,,,,,,,,,,,
DZK58J,1,Benzine,,2.60,,57,,71,76,,134/2014*2016/1824A1,,,,2.60,,,3750,,,,,,,,,,,,,,,
92MLTD,1,Benzine,,,,,,76,98,,134/2014*2018/295A1,,,,49.00,,,3000,,,,,,,,,,,,,,,
DZH80P,1,Benzine,,,,,,66,77,,97/24*2006/27/5,,,,2.00,,,3500,,,,,,,,,,,,,,,
H503SL,1,Elektriciteit,,,,,,71,,Z,715/2007*2017/1347AX,,,,,65.00,,,,,,,,160.00,560,682,,,,,,158.00,
H902ST,1,Benzine,5.30,6.20,7.80,143,,70,72,6,715/2007*136/2014W,,0.00268,,110.00,,,3750,,,,,,,,,,,,,,,
DZL46D,1,Benzine,,,,,,65,80,,"(EU) 218/295",,,,1.60,,,2750,,,,,,,,,,,,,,,
H817JT,1,Diesel,5.40,6.60,8.70,175,,75,76,4,70/220*2003/76B,,0.00110,,120.00,,0.51,3000,,,,,,,,,,,,,,,
DVS57R,1,Benzine,,,,,,66,76,,"EU no 134/2014 amended by2016/1824",,,,1.80,,,3250,,,,,,,,,,,,,,,
H946SF,1,Elektriciteit,,,,,,,,6,,,,,,48.00,,,,,,,,,,,,,,,48.00,88.00,NOVC-HEV
DVX66P,1,Benzine,,,,,,66,78,,"no 134/2014",,,,1.90,,,3250,,,,,,,,,,,,,,,
H978SX,1,Benzine,4.50,5.10,6.00,116,,68,73,6,715/2007*2018/1832DG,,,,74.00,,,3750,,135,,6.00,,,,,,,,,,,
H919NR,1,Benzine,,,,125,,66,78,6,715/2007*2017/1347AG,,,,110.00,,,3750,,147,,,,,,,,,,,,,
H160SR,1,Elektriciteit,,,,,,70,,Z,715/2007*2018/1832AX,,,,,100.00,,,,,,,,149.00,409,531,,,,,,239.00,
VB285J,1,Diesel,4.20,4.60,5.20,119,,72,79,5,715/2007*566/2011L,,0.00001,,55.00,,0.51,3000,,,,,,,,,,,,,,,
H787HN,1,Elektriciteit,,,,,,,,,,,,,,10.10,,,,,,,,,,,,,,,,32.00,NOVC-HEV
H898RK,1,Elektriciteit,,,,,,68,,Z,715/2007*2018/1832AX,,,,,51.00,,,,,,,,,,,,382,535,,51.00,100.00,
H591TB,1,Benzine,3.80,4.40,5.50,103,,69,82,5,715/2007*692/2008A,,,,50.00,,,4500,,,,,,,,,,,,,,,
H855SZ,1,Diesel,6.00,6.70,7.90,177,,74,80,6,715/2007*2015/45Y,,0.00057,,110.00,,0.52,2625,,,,,,,,,,,,,,,
DXZ61S,1,Elektriciteit,,,,,,,,,,,,,,3.00,,,,,,,,,,,,,,,,,
H093SJ,1,Benzine,4.50,5.60,7.50,130,,74,76,6,715/2007*195/2013W,,0.00011,,90.00,,,3750,,,,,,,,,,,,,,,
H475JR,1,Benzine,3.30,3.30,3.10,75,,73,74,6,715/2007*2015/45W,,,,54.00,,,2500,,,,,,,,,,,,,,,
DZL50D,1,Benzine,,,,,,65,80,,"(EU) 218/295",,,,1.60,,,2750,,,,,,,,,,,,,,,
G768JR,1,Benzine,6.90,9.00,12.60,210,,74,86,5,715/2007*692/2008A,,0.00100,,250.00,,,3750,,,,,,,,,,,,,,,
H468SZ,1,Benzine,,,,,,80,88,,,,,,15.00,,,3000,,,,,,,,,,,,,,,
VFZ78L,1,Diesel,7.20,8.30,10.00,218,,77,84,6,715/2007*2015/45Y,,0.00084,,105.00,,0.04,2850,,,,,,,,,,,,,,,
G489RH,1,Benzine,5.80,7.30,9.90,174,,71,86,4,70/220*2003/76B,,,,93.00,,,4875,,,,,,,,,,,,,,,
VFX39V,1,Diesel,8.10,9.70,12.50,253,,75,81,6,,595/2009*627/2014C,,,140.00,,,2850,,,,,,,,,,,,,,,
H733TB,1,Benzine,5.10,5.60,6.60,129,,70,73,6,715/2007*2016/646W,,0.00050,,85.00,,,3375,,,,,,,,,,,,,,,
H677KG,1,Benzine,4.90,5.80,7.30,136,,71,81,6,715/2007*136/2014W,,0.00210,,88.00,,,3750,,,,,,,,,,,,,,,
H038SR,1,Elektriciteit,,,,,,,,6,,,,,,37.00,,,,,,,,,,,,,,,37.00,53.00,NOVC-HEV
08MLTF,1,Benzine,,,,,,75,97,,134/2014*2018/295A1,,,,92.20,,,4750,,,,,,,,,,,,,,,
87MLSV,1,Benzine,,,,,,79,92,,134/2014/EU,,,,34.90,,,3625,,,,,,,,,,,,,,,
VFX22S,1,Diesel,8.00,10.70,14.80,280,,76,80,6,,595/2009*2018/932D,,,140.00,,,2850,,,,,,,,,,,,,,,
DZJ70B,1,Benzine,,,,,,66,75,,134/2014*2016/1824A1,,,,1.50,,,3000,,,,,,,,,,,,,,,
H734SX,1,Benzine,4.00,4.70,5.90,105,,71,87,6,715/2007*2015/45W,,,,52.00,,,3750,,,,,,,,,,,,,,,
H450SV,1,Elektriciteit,,,,,,,,6,,,,,,48.00,,,,,,,,,,,,,,,48.00,88.00,NOVC-HEV
H456SZ,1,Elektriciteit,,,,,,68,,Z,715/2007*2017/1347AX,,,,,70.00,,,,,,,,,,,,,,,40.00,141.00,
DXK67L,1,Benzine,,2.90,,65,,65,78,,134/2014*2016/1824A1,,,,2.70,,,4000,,,,,,,,,,,,,,,
H801RT,1,Benzine,3.90,4.50,5.60,105,,71,78,5,715/2007*566/2011F,,,,44.00,,,3750,,,,,,,,,,,,,,,
09BPN1,1,Diesel,,,,,,78,88,5,,2005/55*2008/74G,,,132.00,,,1800,,,,,,,,,,,,,,,
DZK48J,1,Benzine,,2.60,,57,,71,76,,134/2014*2016/1824A1,,,,2.60,,,3750,,,,,,,,,,,,,,,
DBN34P,1,Benzine,,,,,,,75,,,,,,3.04,,,3625,,,,,,,,,,,,,,,
H327NP,1,Benzine,3.80,4.20,5.00,97,,72,76,6,715/2007*2015/45W,,,,51.00,,,3750,,,,,,,,,,,,,,,
DZD59N,1,Benzine,,3.60,,82,,66,76,,134/2014*2016/1824,,,,2.20,,,3250,,,,,,,,,,,,,,,
ZJ154Z,1,Diesel,,,,153,,68,78,5,715/2007*566/2011F,,0.00010,,103.00,,0.60,2375,,,,,,,,,,,,,,,
H857TB,1,Benzine,4.60,5.40,6.90,126,,72,74,6,715/2007*136/2014W,,0.00032,,115.00,,,3750,,,,,,,,,,,,,,,
DZB16S,1,Benzine,,,,,,66,78,,134/2014*2018/295A1,,,,1.60,,,2750,,,,,,,,,,,,,,,
H616SV,1,Benzine,,,,,,80,85,,134/2014*2018/295A1,,,,19.30,,,3875,,,,,,,,,,,,,,,
H757LB,1,Benzine,5.50,6.10,7.30,138,,71,76,6,715/2007*2015/45W,,0.00328,,92.00,,,3750,,,,,,,,,,,,,,,
H641SV,1,Elektriciteit,,,,,,,,6,,,,,,48.00,,,,,,,,,,,,,,,48.00,88.00,NOVC-HEV
H953SX,1,Elektriciteit,,,,,,,,6,,,,,,37.00,,,,,,,,,,,,,,,37.00,53.00,NOVC-HEV
DZK45S,1,Benzine,,,,,,65,81,,"no 134/2014*2018/295",,,,1.80,,,3250,,,,,,,,,,,,,,,
H291TD,1,Benzine,5.50,6.60,8.60,154,,73,76,5,715/2007*566/2011F,,0.00167,,88.00,,,3750,,,,,,,,,,,,,,,
H193TG,1,Benzine,3.60,3.60,3.30,82,,73,74,6,715/2007*2015/45W,,,,54.00,,,2500,,,,,,,,,,,,,,,
H432HK,1,Benzine,,,,,,74,84,2,,,,,150.00,,,3000,,,,,,,,,,,,,,,
DZD08T,1,Elektriciteit,,,,,,,,,,,,,,1.00,,,,,,,,,,,,,,,,,
H054TF,1,Benzine,5.10,6.10,7.90,143,,73,81,5,715/2007*692/2008A,,0.00136,,105.00,,,3750,,,,,,,,,,,,,,,
H898JL,1,Elektriciteit,,,,,,70,,Z,715/2007*2018/1832AX,,,,,100.00,,,,,,,,149.00,409,531,,,,,,239.00,
77TFHJ,1,Benzine,,,,,,66,77,,"EU no 134/2014 as amended 2018/295",,,,1.70,,,3250,,,,,,,,,,,,,,,
H669PG,1,Benzine,7.80,10.10,14.60,245,,73,79,4,70/220*2001/100B,,,,154.00,,,3750,,,,,,,,,,,,,,,
H298SZ,1,Elektriciteit,,,,,,71,,Z,715/2007*2018/1832AX,,,,,29.00,,,,,,,,159.00,455,615,,,,,,150.00,
H862SP,1,Benzine,4.10,4.80,5.80,112,,68,82,6,715/2007*136/2014W,,,,66.00,,,3750,,,,,,,,,,,,,,,
VFX90Z,1,Diesel,7.80,8.00,8.30,210,,73,81,5,715/2007*136/2014M,,0.00189,,120.00,,0.40,2850,,,,,,,,,,,,,,,
22MLTH,1,Elektriciteit,,,,,,,,,,,,,,60.00,,,,,,,,,,,,,,,,,
33MKZH,1,Benzine,,,,,,73,85,,134/2014*2018/295A1,,,,17.50,,,4125,,,,,,,,,,,,,,,
89MLSN,1,Elektriciteit,,,,,,,,,"EU No. 134/2014",,,,,40.00,,,,,,,,,,,,,,40.00,,,
DVB52V,1,Benzine,,3.60,,82,,66,76,,134/2014*2016/1824,,,,2.20,,,3250,,,,,,,,,,,,,,,
62MLJD,1,Benzine,,,,,,78,84,,,,,,72.00,,,3750,,,,,,,,,,,,,,,
DZH30X,1,Benzine,,,,,,66,75,,134/2014*2016/1824A1,,,,1.50,,,3000,,,,,,,,,,,,,,,
H787TB,1,Benzine,9.80,12.80,18.30,298,,76,,6,715/2007*2015/45W,,0.00181,,405.00,,,3750,,,,,,,,,,,,,,,
H783TB,1,Benzine,4.30,4.90,6.00,112,,68,76,6,715/2007*2016/646W,,,,55.00,,,3750,,,,,,,,,,,,,,,
H010SN,1,Elektriciteit,,,,,,69,,Z,715/2007*2018/1832AX,,,,,90.00,,,,,,,,190.00,624,740,,,,,,219.00,
DZJ81X,1,Benzine,,,,,,68,82,,97/24*2006/27/5,,,,2.40,,,3750,,,,,,,,,,,,,,,
H571TF,1,Benzine,7.30,9.50,13.50,231,,71,86,4,70/220*2001/100B,,,,141.00,,,4500,,,,,,,,,,,,,,,
DZJ75K,1,Benzine,,,,,,71,81,,,,,,2.40,,,3750,,,,,,,,,,,,,,,
VFG44H,1,Diesel,,,,232,,71,75,6,715/2007*2016/646Y,,,,103.00,,,2375,,,,,,,,,,,,,,,
46XTSK,1,Benzine,,,,,,,,,,,,,15.00,,,,,,,,,,,,,,,,,,
DZJ82Z,1,Diesel,,,,,,,79,,,,,,4.00,,,2400,,,,,,,,,,,,,,,
H609SZ,1,Benzine,4.90,5.10,5.10,118,,68,76,6,715/2007*2016/646W,,,,114.00,,,2500,,,,,,,,,,,,,,,NOVC-HEV
H408SZ,1,Elektriciteit,,,,,,71,,Z,715/2007*2018/1832AX,,,,,90.00,,,,,,,,226.00,507,619,,,,,,219.00,
DZK32D,1,Benzine,,,,,,65,75,,"EU no 134/2014 as amended 2016/1824",,,,1.90,,,3250,,,,,,,,,,,,,,,
DZK45R,1,Benzine,,,,,,66,77,,"NO. 134/2014*2016/1824",,,,2.80,,,3250,,,,,,,,,,,,,,,
DZJ15S,1,Benzine,,,,,,65,75,,"EU No 134/2014*2016/1824",,,,1.90,,,3250,,,,,,,,,,,,,,,
DZK01V,1,Benzine,,,,,,65,80,,"(EU) 218/295",,,,1.60,,,2750,,,,,,,,,,,,,,,
H644TF,1,Benzine,5.80,6.80,8.70,163,,71,81,4,70/220*2006/96B,,,,85.00,,,4125,,,,,,,,,,,,,,,
DZK38L,1,Benzine,,,,,,66,75,,134/2014*2016/1824A1,,,,1.50,,,3000,,,,,,,,,,,,,,,
DZK57S,1,Benzine,,,,,,66,76,,"EU no 134/2014 as amended 2016/1824",,,,1.70,,,3250,,,,,,,,,,,,,,,
H626RV,1,Benzine,3.90,3.80,3.80,88,,72,80,6,715/2007*2015/45W,,0.00084,,77.20,,,3750,,,,,,,,,,,,,,,NOVC-HEV
DZH51X,1,Benzine,,,,,,66,77,,"EU no 134/2014 as amended 2018/295",,,,1.70,,,3250,,,,,,,,,,,,,,,
DZK45V,1,Benzine,,,,,,65,80,,"(EU) 218/295",,,,1.60,,,2750,,,,,,,,,,,,,,,
VFV87B,1,Diesel,,,,,,74,85,6,,595/2009*2018/932D,,,132.00,,0.53,2625,,,,,,,,,,,,,,,
H160NF,1,Benzine,,,,84,,73,74,6,715/2007*2017/1154AD,,,,54.00,,,2500,,108,,,,,,,,,,,,,NOVC-HEV
H063SR,1,Elektriciteit,,,,,,,,6,,,,,,48.00,,,,,,,,,,,,,,,48.00,88.00,NOVC-HEV
47MLSN,1,Elektriciteit,,,,,,,,,"EU No. 134/2014",,,,,11.00,,,,,,,,,,,,,,11.00,,,
H841SZ,1,Benzine,3.90,4.50,5.50,104,,72,79,5,715/2007*630/2012J,,,,66.00,,,3750,,,,,,,,,,,,,,,
DXN94L,1,Benzine,,3.60,,82,,66,74,,134/2014*2016/1824,,,,2.20,,,3250,,,,,,,,,,,,,,,
DXZ64S,1,Elektriciteit,,,,,,,,,,,,,,3.00,,,,,,,,,,,,,,,,,
XD862J,1,Benzine,5.80,7.30,9.90,174,,71,86,4,70/220*2003/76B,,,,93.00,,,4875,,,,,,,,,,,,,,,
DZK64F,1,Benzine,,,,,,66,78,,"EU no 134/2014 as amended 2016/1824",,,,1.70,,,3250,,,,,,,,,,,,,,,
DG56DG,2,LPG,,,,,,,,,,,,,61.76,,,,,,,,,,,,,,,,,,
H257TG,1,Benzine,8.10,9.80,12.90,228,,72,83,6,715/2007*136/2014W,,0.00048,,324.00,,,3750,,,,,,,,,,,,,,,
H115SV,1,Benzine,4.70,5.30,6.30,123,,68,78,6,715/2007*2016/646W,,0.00054,,100.00,,,3300,,,,,,,,,,,,,,,
H591PT,1,Diesel,,,,,,74,85,6,"715/2007/EG / (EU) 2018/1832",,0.00007,,118.00,,0.52,2625,,316,,12.00,,,,,,,,,,,
DZK31N,1,Benzine,,,,,,66,77,,97/24*2006/27/5,,,,2.00,,,3500,,,,,,,,,,,,,,,
H189NR,2,Elektriciteit,,,,,,,,6,715/2007*2018/1832DG,,,,,7.20,,,,,,,,,,,,,,,11.00,,NOVC-HEV
H886ST,1,Benzine,5.70,6.90,8.90,164,,71,82,4,R/83II-05,,,,74.00,,,4500,,,,,,,,,,,,,,,
H901SN,2,Elektriciteit,,,,,,,,6,715/2007*2017/1347AG,,,,,37.00,,,,,,,,,,,,,,,37.00,53.00,NOVC-HEV
H340SR,1,Elektriciteit,,,,,,68,,Z,715/2007*2018/1832AX,,,,,28.00,,,,,,,,147.00,484,660,,,,,,150.00,
H677SK,1,Benzine,6.00,8.30,12.20,197,,75,89,4,70/220*2006/96B,,,,195.00,,,3750,,,,,,,,,,,,,,,
72BPL7,1,Diesel,,,,,,,91,5,,,,,330.00,,,1350,,,,,,,,,,,,,,,
VFN76L,1,Diesel,7.60,8.20,9.20,216,,76,82,5,715/2007*136/2014M,,0.00047,,92.00,,0.51,2625,,,,,,,,,,,,,,,
H963GN,1,Elektriciteit,,,,,,,,6,,,,,,48.00,,,,,,,,,,,,,,,48.00,80.00,NOVC-HEV
H429ST,2,Elektriciteit,,,,,,,,6,715/2007*2018/1832AM,,,,,30.00,,,,,,,,,,,159.00,44,55,,8.00,60.00,OVC-HEV
DZL42D,1,Benzine,,,,,,65,80,,"(EU) 218/295",,,,1.60,,,2750,,,,,,,,,,,,,,,
DXS68R,1,Elektriciteit,,,,,,,,,"(EU) No 134/2014 including all amen",,,,,1.00,,,,,,,,,,,,,,,,,
H617DG,1,Benzine,5.10,5.60,6.60,130,,71,77,6,715/2007*2015/45W,,,,66.20,,,3750,,,,,,,,,,,,,,,
DZG80V,1,Benzine,,2.60,,57,,71,77,,134/2014*2016/1824,,,,2.60,,,3750,,,,,,,,,,,,,,,
FF928T,1,Benzine,,,,,,,77,,,,,,1.00,,,2970,,,,,,,,,,,,,,,
H724KD,1,Benzine,4.80,6.10,8.00,140,,73,80,5,715/2007*630/2012J,,0.00011,,99.00,,,3750,,,,,,,,,,,,,,,
H210SP,1,Elektriciteit,,,,,,,,6,,,,,,10.10,,,,,,,,,,,,,,,,32.00,NOVC-HEV
DXZ39S,1,Elektriciteit,,,,,,,,,"(EU) No 134/2014 including all amen",,,,,1.30,,,,,,,,,,,,,,,,,
DZH73P,1,Benzine,,,,,,71,81,,134/2014*2018/295A1,,,,2.40,,,3750,,,,,,,,,,,,,,,
H654SV,1,Elektriciteit,,,,,,66,,Z,715/2007*2017/1347AX,,,,,90.00,,,,,,,,206.00,270,389,,,,,85.00,110.00,
MHJG40,1,Benzine,,,,,,,85,,,,,,36.00,,,3250,,,,,,,,,,,,,,,
H485FP,1,Benzine,,,,114,,73,78,6,715/2007*2017/1347AD,,,,66.00,,,3750,,137,,,,,,,,,,,,,
G469GX,1,Benzine,4.40,5.10,6.30,119,,72,81,4,70/220*2003/76B,,,,51.00,,,4125,,,,,,,,,,,,,,,
DZK26P,1,Benzine,,3.60,,82,,66,74,,134/2014*2016/1824,,,,2.20,,,3250,,,,,,,,,,,,,,,
DSZ75X,1,Benzine,,,,,,70,79,,"(EU) NO 134/2014",,,,1.80,,,3000,,,,,,,,,,,,,,,
H963SN,1,Elektriciteit,,,,,,,,6,,,,,,48.00,,,,,,,,,,,,,,,48.00,88.00,NOVC-HEV
H674NF,1,Elektriciteit,,,,,,71,,Z,715/2007*2017/1347AX,,,,,65.00,,,,,,,,160.00,560,682,,,,,,158.00,
30MLNX,1,Benzine,,,,,,,89,,,,,,111.80,,,5250,,,,,,,,,,,,,,,
H242TG,1,Benzine,4.20,4.80,5.90,109,,66,73,6,715/2007*2015/45W,,0.00141,,74.00,,,3750,,,,,,,,,,,,,,,
DTD98L,1,Benzine,,3.60,,82,,66,74,,134/2014*2016/1824,,,,2.20,,,3250,,,,,,,,,,,,,,,
H897JL,1,Elektriciteit,,,,,,70,,Z,715/2007*2018/1832AX,,,,,100.00,,,,,,,,149.00,409,531,,,,,,239.00,
H576TG,1,Diesel,5.20,6.00,7.40,159,,68,73,5,715/2007*630/2012J,,0.00045,,120.00,,0.51,2813,,,,,,,,,,,,,,,
H844PZ,1,Elektriciteit,,,,,,68,,Z,715/2007*2018/1832AX,,,,,28.00,,,,,,,,154.00,449,619,,,,,,150.00,
DPX01L,1,Benzine,,,,,,66,76,,"EU no 134/2014 as amended 2016/1824",,,,1.80,,,3250,,,,,,,,,,,,,,,
H711PL,1,Benzine,5.30,6.20,7.80,143,,70,72,6,715/2007*2016/646W,,0.00268,,110.00,,,3750,,,,,,,,,,,,,,,
G988SZ,2,Elektriciteit,,,,,,,,6,715/2007*2016/646W,,,,,28.00,,,,,,,,,,,,,,,10.00,65.00,OVC-HEV
10MLTF,1,Benzine,,,,,,76,87,,134/2014*2018/295A1,,,,59.00,,,3875,,,,,,,,,,,,,,,
DZK74Z,1,Elektriciteit,,,,,,,,,,,,,,3.00,,,,,,,,,,,,,,,,,
H520LB,1,Diesel,3.60,4.10,5.00,106,,70,74,5,715/2007*630/2012J,,,,110.00,,0.50,2603,,,,,,,,,,,,,,,
H079LK,1,Benzine,4.80,5.60,7.00,132,,73,80,4,70/220*2003/76B,,,,40.00,,,3750,,,,,,,,,,,,,,,
DZD33B,1,Benzine,,,,,,66,81,,134/2014*2018/295A1,,,,1.50,,,3125,,,,,,,,,,,,,,,
H364TD,1,Benzine,4.90,5.90,7.60,139,,73,78,4,70/220*2003/76B,,,,51.00,,,4050,,,,,,,,,,,,,,,
G109RD,1,Benzine,4.50,5.10,6.20,118,,74,83,5,715/2007*692/2008F,,,,73.00,,,3750,,,,,,,,,,,,,,,
H873SV,1,Elektriciteit,,,,,,,,6,,,,,,37.00,,,,,,,,,,,,,,,37.00,53.00,NOVC-HEV
H490RN,1,Benzine,5.60,6.60,8.50,154,,70,80,5,715/2007*566/2011F,,0.00268,,103.00,,,3750,,,,,,,,,,,,,,,
DZK07T,1,Benzine,,,,,,69,77,,"(EU) 134/2014*(EU) 2016/1824",,,,2.20,,,3625,,,,,,,,,,,,,,,
DZH92N,1,Benzine,,3.00,,70,,66,78,,134/2014*2016/1824A1,,,,2.80,,,3750,,,,,,,,,,,,,,,
VFZ21K,1,Diesel,7.10,7.50,8.00,193,,70,82,6,715/2007*2016/646Y,,0.00064,,125.00,,0.47,2625,,,,,,,,,,,,,,,
DZK83J,1,Benzine,,,,,,66,75,,134/2014*2016/1824A1,,,,1.50,,,3000,,,,,,,,,,,,,,,
H101HZ,1,Benzine,4.40,5.00,6.10,116,,71,75,5,715/2007*459/2012J,,,,103.00,,,3750,,,,,,,,,,,,,,,
H410SZ,1,Elektriciteit,,,,,,70,,Z,715/2007*2018/1832AX,,,,,100.00,,,,,,,,149.00,409,531,,,,,,239.00,
DRN11G,1,Benzine,,,,,,71,79,,168/2013*134/2014,,,,2.30,,,3750,,,,,,,,,,,,,,,
VFV21V,1,Diesel,7.40,8.20,9.70,216,,77,85,5,715/2007*195/2013M,,0.00091,,100.00,,0.50,2375,,,,,,,,,,,,,,,
VFZ17D,1,Diesel,,,,219,,,,6,,,,,84.00,,,,,,,,,,,,,,,,,,
H850SR,1,Benzine,3.80,4.30,5.10,99,,73,76,6,715/2007*2015/45W,,,,60.00,,,3750,,,,,,,,,,,,,,,
DZB48N,1,Benzine,,,,,,65,81,,"no 134/2014*2018/295",,,,1.80,,,3250,,,,,,,,,,,,,,,
VFX96Z,1,Diesel,7.70,8.50,10.10,225,,71,80,6,,595/2009*2018/932D,,,140.00,,,2850,,,,,,,,,,,,,,,
50NXZG,1,Benzine,6.00,7.50,10.20,175,,69,81,3,,,,,61.00,,,4200,,,,,,,,,,,,,,,
28MLTG,1,Benzine,,,,,,76,88,,134/2014*2018/295A1,,,,11.00,,,4500,,,,,,,,,,,,,,,
DZB58F,1,Benzine,,,,,,66,78,,"No 134/2014",,,,1.50,,,3075,,,,,,,,,,,,,,,
DPJ16S,1,Benzine,,,,,,66,81,,168/2013*134/2014,,,,1.50,,,3125,,,,,,,,,,,,,,,
93MLTF,1,Benzine,,,,,,76,87,,134/2014*2018/295A1,,,,59.00,,,3875,,,,,,,,,,,,,,,
VFK47X,1,Diesel,5.20,6.00,7.30,156,,73,77,6,715/2007*2015/45Y,,,,75.00,,0.50,2375,,,,,,,,,,,,,,,
DZH08P,1,Benzine,,3.60,,82,,66,74,,134/2014*2016/1824,,,,2.20,,,3250,,,,,,,,,,,,,,,
33MLTH,1,Benzine,,,,,,72,82,,134/2014*2018/295A1,,,,18.50,,,3750,,,,,,,,,,,,,,,
H702TG,1,Benzine,6.10,7.80,10.80,182,,73,86,6,715/2007*195/2013W,,0.00041,,235.00,,,3750,,,,,,,,,,,,,,,
32BPN1,1,Diesel,,,,,,77,89,6,,595/2009*2018/932D,,,251.00,,0.50,1350,,,,,,,,,,,,,,,
H362PK,1,Benzine,5.00,4.90,4.90,115,,69,76,6,715/2007*2016/646W,,,,114.00,,,2500,,,,,,,,,,,,,,,NOVC-HEV
DXL89J,1,Benzine,,,,,,66,75,,134/2014*2016/1824A1,,,,1.50,,,3000,,,,,,,,,,,,,,,
H651TF,1,Benzine,4.80,5.90,7.90,138,,74,84,5,715/2007*195/2013J,,0.00101,,134.00,,,3750,,,,,,,,,,,,,,,
H042KP,1,Benzine,,,,112,,68,75,6,715/2007*2017/1347AG,,,,59.00,,,3750,,,,,,,,,,,,,,,
H957SZ,1,Benzine,5.80,7.80,11.10,181,,70,83,6,715/2007*195/2013W,,0.00031,,225.00,,,3750,,,,,,,,,,,,,,,
VFG80Z,1,Diesel,6.70,8.00,10.20,211,,73,74,5,715/2007*195/2013K,,0.00039,,103.00,,0.60,2375,,,,,,,,,,,,,,,
F514KK,1,Benzine,,,,,,,76,,,,,,1.70,,,2750,,,,,,,,,,,,,,,
H327HN,1,Benzine,4.30,5.10,6.40,119,,74,82,6,715/2007*630/2012W,,,,51.00,,,4125,,,,,,,,,,,,,,,
DZJ96K,1,Diesel,,,,,,69,80,,134/2014/UE*2016/1824/UE,,,,6.00,,0.51,2400,,,,,,,,,,,,,,,
H237SP,1,Elektriciteit,,,,,,,,6,,,,,,10.10,,,,,,,,,,,,,,,,32.00,NOVC-HEV
H725TG,1,Diesel,6.20,7.40,9.50,195,,73,77,5,715/2007*692/2008I,,0.00064,,103.00,,0.60,2375,,,,,,,,,,,,,,,
G967PV,1,Benzine,4.00,4.30,4.60,98,,72,83,5,715/2007*630/2012J,,,,52.00,,,3500,,,,,,,,,,,,,,,
DVL91L,1,Elektriciteit,,,,,,,,,,,,,,3.50,,,,,,,,,,,,,,,,,
21SJH2,1,Diesel,6.50,7.40,8.80,195,,,74,5,715/2007*692/2008A,,0.00039,,176.00,,0.50,2375,,,,,,,,,,,,,,,
26BXHZ,1,Diesel,,,,,,,81,4,,,0.06100,,60.00,,,2625,,,,,,,,,,,,,,,
VFV91N,1,Diesel,,,,253,,75,81,6,,595/2009*627/2014C,,,140.00,,,2850,,,,,,,,,,,,,,,
79MLPG,1,Benzine,,,,,,71,85,,134/2014*2016/1824A1,,,,33.40,,,5000,,,,,,,,,,,,,,,
98MLSZ,1,Benzine,,,,,,75,93,,134/2014*2018/295A1,,,,147.10,,,5500,,,,,,,,,,,,,,,
DZD10T,1,Elektriciteit,,,,,,,,,,,,,,1.00,,,,,,,,,,,,,,,,,
DZK56D,1,Benzine,,,,,,65,80,,"EU No134/2014 incl upto EU 2018/295",,,,1.60,,,2750,,,,,,,,,,,,,,,
DXZ20S,1,Elektriciteit,,,,,,,,,"(EU) No 134/2014 including all amen",,,,,1.30,,,,,,,,,,,,,,,,,
27MLTB,1,Benzine,,,,,,75,93,,"(EU) 134/2014*(EU)  2016/1824",,,,84.60,,,5000,,,,,,,,,,,,,,,
H664SX,1,Benzine,7.30,9.60,13.50,229,,73,79,4,70/220*2001/1B,,,,103.00,,,3375,,,,,,,,,,,,,,,
VDS78L,1,Diesel,5.30,6.10,7.40,159,,75,77,6,715/2007*2015/45Y,,,,62.00,,0.50,2375,,,,,,,,,,,,,,,
DZB18D,1,Benzine,,2.60,,57,,71,77,,134/2014*2016/1824,,,,2.60,,,3750,,,,,,,,,,,,,,,
VFZ26H,1,Diesel,8.90,9.50,10.50,249,,71,81,6,,595/2009*2018/932D,,,140.00,,,2850,,,,,,,,,,,,,,,
H323LD,1,Elektriciteit,,,,,,70,,Z,715/2007*2018/1832AX,,,,,100.00,,,,,,,,149.00,409,531,,,,,,239.00,
H927RF,1,Benzine,,,,279,,73,82,4,,,,,285.00,,,4500,,,,,,,,,,,,,,,
DZH22X,1,Benzine,,,,,,70,80,,"EU no 134/2014 as amended 2016/1824",,,,2.10,,,3750,,,,,,,,,,,,,,,
VFZ07L,1,Diesel,8.40,8.60,8.90,225,,74,83,6,,595/2009*2018/932D,,,107.00,,0.51,2625,,,,,,,,,,,,,,,
H448NH,1,Benzine,4.70,5.50,7.00,125,,71,75,6,715/2007*2016/646W,,0.00210,,87.00,,,3750,,,,,,,,,,,,,,,
DZL51D,1,Benzine,,,,,,65,80,,"(EU) 218/295",,,,1.60,,,2750,,,,,,,,,,,,,,,
H724TG,1,Diesel,6.70,7.90,10.00,208,,73,73,5,715/2007*195/2013M,,0.00003,,132.00,,0.50,2375,,,,,,,,,,,,,,,
DZL26F,1,Elektriciteit,,,,,,,,,,,,,,0.30,,,,,,,,,,,,,,,,,
DTS77K,1,Benzine,,,,,,66,78,,"EU no 134/2014 as amended 2016/1824",,,,1.70,,,3250,,,,,,,,,,,,,,,
H833SZ,1,Benzine,4.80,5.40,6.30,125,,73,74,6,715/2007*2015/45W,,0.00157,,96.00,,,3750,,,,,,,,,,,,,,,
H622SP,1,Benzine,4.20,5.10,6.70,119,,70,79,5,715/2007*566/2011F,,,,55.00,,,4125,,,,,,,,,,,,,,,
DXR02Z,1,Benzine,,,,,,65,81,,"no 134/2014*2018/295",,,,1.80,,,3250,,,,,,,,,,,,,,,
DNP49P,1,Benzine,,,,,,65,83,,"97/24/EC CHAPTER 5 2009/108/EC",,,,2.00,,,3250,,,,,,,,,,,,,,,
43MLTB,1,Benzine,,,,,,75,91,,"(EU) 134/2014*(EU) 2018/295",,,,54.00,,,4500,,,,,,,,,,,,,,,
H872SV,1,Elektriciteit,,,,,,,,6,,,,,,48.00,,,,,,,,,,,,,,,48.00,88.00,NOVC-HEV
H475JR,2,Elektriciteit,,,,,,,,6,715/2007*2015/45W,,,,,10.10,,,,,,,,,,,,,,,,,
H872SZ,1,Diesel,6.50,7.30,8.60,192,,74,84,5,715/2007*195/2013M,,0.00160,,96.00,,0.52,2700,,,,,,,,,,,,,,,
95MLTK,1,Benzine,,,,,,,97,,,,,,118.00,,,5500,,,,,,,,,,,,,,,
DZF07J,1,Benzine,,,,,,70,79,,"(EU) 218/295",,,,1.80,,,3000,,,,,,,,,,,,,,,
H369TD,1,Benzine,5.20,6.30,8.30,149,,70,80,4,70/220*2003/76B,,,,77.00,,,3750,,,,,,,,,,,,,,,
H581PD,1,Benzine,5.10,6.00,7.70,139,,72,73,5,715/2007*566/2011F,,,,86.00,,,3750,,,,,,,,,,,,,,,
DZ9536,1,Benzine,,,,,,78,74,0,,,,,147.00,,,3300,,,,,,,,,,,,,,,
H591SZ,1,Benzine,4.60,5.50,7.00,129,,72,78,5,715/2007*692/2008A,,,,64.00,,,3750,,,,,,,,,,,,,,,
DXL14X,1,Benzine,,,,,,66,81,,134/2014*2018/295A1,,,,1.50,,,3125,,,,,,,,,,,,,,,
DZG82K,1,Benzine,,,,,,66,78,,134/2014*2018/295A1,,,,1.60,,,2750,,,,,,,,,,,,,,,
DZJ30K,1,Elektriciteit,,,,,,,,,,,,,,0.30,,,,,,,,,,,,,,,,,
DZK59S,1,Benzine,,,,,,66,76,,"EU no 134/2014 as amended 2016/1824",,,,1.70,,,3250,,,,,,,,,,,,,,,
H606TG,1,Diesel,4.90,5.50,6.60,144,,69,72,6,715/2007*2015/45W,,,,176.00,,0.50,2375,,,,,,,,,,,,,,,
DZK02S,1,Elektriciteit,,,,,,,,,,,,,,0.60,,,,,,,,,,,,,,,,,
92MLTF,1,Benzine,,,,,,76,87,,134/2014*2018/295A1,,,,59.00,,,3875,,,,,,,,,,,,,,,
VFP55S,1,Diesel,4.60,5.00,5.70,132,,70,72,6,715/2007*2015/45X,,,,75.00,,0.50,2375,,,,,,,,,,,,,,,
DXR30H,1,Benzine,,,,,,65,80,,"(EU) No 134/2014",,,,1.60,,,2750,,,,,,,,,,,,,,,
54BPL6,1,Diesel,,,,,,81,89,6,,595/2009*627/2014C,,,331.00,,,1425,,,,,,,,,,,,,,,
H990SZ,1,Elektriciteit,,,,,,70,,Z,715/2007*2018/1832AX,,,,,100.00,,,,,,,,149.00,409,531,,,,,,239.00,
DZK02N,1,Benzine,,,,,,68,80,,97/24*2006/27/5,,,,2.20,,,3625,,,,,,,,,,,,,,,
DXZ85N,1,Benzine,,,,,,65,81,,"no 134/2014*2018/295",,,,1.80,,,3250,,,,,,,,,,,,,,,
DZH52S,1,Benzine,,,,,,65,80,,"(EU) 218/295",,,,1.60,,,2750,,,,,,,,,,,,,,,
GL562F,1,Benzine,4.00,4.70,6.00,107,,,75,6,715/2007*136/2014W,,0.00023,,66.00,,,3750,,,,,,,,,,,,,,,
H454HG,1,Benzine,4.20,4.90,6.10,111,,69,75,6,715/2007*2016/646W,,0.00034,,70.00,,,3750,,,,,,,,,,,,,,,
VFZ75D,1,Diesel,5.50,6.00,6.90,158,,74,79,6,715/2007*2015/45W,,0.00008,,140.00,,0.52,2850,,,,,,,,,,,,,,,
DZK46R,1,Benzine,,,,,,65,78,,"EU no 134/2014 as amended 2016/1824",,,,1.70,,,3250,,,,,,,,,,,,,,,
DZH13N,1,Benzine,,2.90,,65,,65,78,,134/2014*2016/1824A1,,,,2.70,,,4000,,,,,,,,,,,,,,,
H666TB,1,Benzine,4.40,4.80,5.60,115,,69,74,5,715/2007*459/2012J,,0.00041,,77.00,,,3750,,,,,,,,,,,,,,,
91MLSZ,1,Benzine,,,,,,77,92,,"134/2014 (2016/1824)",,,,77.00,,,4500,,,,,,,,,,,,,,,
H746SZ,1,Benzine,4.30,5.10,6.40,119,,74,82,5,715/2007*692/2008F,,,,51.00,,,4125,,,,,,,,,,,,,,,
D577RG,1,Benzine,,,,,,,80,,,,,,1.70,,,3750,,,,,,,,,,,,,,,
H826KG,1,Benzine,3.60,4.20,5.40,99,,74,78,5,715/2007*692/2008A,,,,51.00,,,3750,,,,,,,,,,,,,,,
DZJ56L,1,Benzine,,2.90,,65,,65,78,,134/2014*2016/1824A1,,,,2.70,,,4000,,,,,,,,,,,,,,,
H299SZ,1,Elektriciteit,,,,,,71,,Z,715/2007*2018/1832AX,,,,,29.00,,,,,,,,159.00,455,615,,,,,,150.00,
DZK11F,1,Benzine,,2.70,,59,,66,77,,134/2014*2016/1824,,,,2.20,,,3250,,,,,,,,,,,,,,,
H546SJ,1,Elektriciteit,,,,,,,,6,715/2007*2018/1832DG,,,,,7.20,,,,,,,,,,,,,,,11.00,9.00,NOVC-HEV
DZK26K,1,Benzine,,,,,,71,77,,97/24*2006/27/5,,,,2.30,,,3250,,,,,,,,,,,,,,,
H881TB,1,Diesel,5.00,5.50,6.40,145,,74,79,6,715/2007*2015/45W,,0.00018,,190.00,,0.50,3000,,,,,,,,,,,,,,,
1ZVF51,1,Benzine,3.40,3.80,4.50,88,,,83,6,715/2007*195/2013W,,,,59.00,,0.52,4125,,,,,,,,,,,,,,,
DNT76P,1,Benzine,,,,,,66,76,,168/2013/EU__134/2014/EU,,,,1.50,,,3125,,,,,,,,,,,,,,,
H918SZ,1,Benzine,5.60,6.50,8.20,152,,71,75,6,715/2007*2015/45W,,0.00054,,162.00,,,3750,,,,,,,,,,,,,,,
H211TD,1,Elektriciteit,,,,,,68,,Z,715/2007*2017/1347AX,,,,,28.00,,,,,,,,,,,,,,,,150.00,
H917LG,1,Diesel,,,,,,74,83,4,70/220*2003/76B,,0.03600,,96.00,,0.92,2700,,,,,,,,,,,,,,,
ZS306S,1,Benzine,3.90,3.80,3.80,88,,72,80,6,715/2007*2015/45W,,0.00084,,77.20,,,3750,,,,,,,,,,,,,,,NOVC-HEV
DZD82R,1,Benzine,,,,,,66,78,,134/2014*2018/295A1,,,,1.60,,,2750,,,,,,,,,,,,,,,
H908RZ,1,Elektriciteit,,,,,,70,,Z,715/2007*2018/1832AX,,,,,100.00,,,,,,,,149.00,409,531,,,,,,239.00,
H350LS,1,Elektriciteit,,,,,,70,,Z,715/2007*2018/1832AX,,,,,100.00,,,,,,,,149.00,409,531,,,,,,239.00,
H061FG,1,Benzine,5.70,7.30,10.00,175,,72,82,4,70/220*2003/76B,,,,95.00,,,4312,,,,,,,,,,,,,,,
DBX69B,1,Benzine,,,,,,,80,,,,,,1.66,,,3250,,,,,,,,,,,,,,,
VFX64Z,1,Diesel,4.30,4.80,5.50,124,,71,72,5,715/2007*630/2012L,,0.00053,,70.00,,0.50,2700,,,,,,,,,,,,,,,
DZF65S,1,Benzine,,2.60,,57,,71,76,,134/2014*2016/1824A1,,,,2.60,,,3750,,,,,,,,,,,,,,,
DXV49D,1,Benzine,,2.10,,47,,71,78,,134/2014*2016/1824A1,,,,2.70,,,4000,,,,,,,,,,,,,,,
DZH51H,1,Elektriciteit,,,,,,,,,"(EU) No 134/2014 including all amen",,,,,1.60,,,,,,,,,,,,,,,,,
H346TB,1,Elektriciteit,,,,,,,,6,,,,,,10.10,,,,,,,,,,,,,,,,32.00,NOVC-HEV
DXB37L,1,Benzine,,,,,,66,81,,134/2014*2018/295A1,,,,1.50,,,3125,,,,,,,,,,,,,,,
H588SX,1,Benzine,5.50,6.40,8.00,149,,73,73,6,715/2007*2015/45W,,0.00003,,162.00,,,3750,,,,,,,,,,,,,,,
H860TB,1,Benzine,4.60,5.40,6.90,126,,72,74,6,715/2007*136/2014W,,0.00032,,115.00,,,3750,,,,,,,,,,,,,,,
76DDG5,1,Benzine,,,,,,,,,,,,,3.80,,,,,,,,,,,,,,,,,,
DZB23X,1,Benzine,,,,,,66,78,,"EU no 134/2014 as amended 2016/1824",,,,1.70,,,3250,,,,,,,,,,,,,,,
H991SZ,1,Elektriciteit,,,,,,70,,Z,715/2007*2018/1832AX,,,,,100.00,,,,,,,,149.00,409,531,,,,,,239.00,
DZH05S,1,Benzine,,,,,,65,81,,"no 134/2014*2018/295",,,,1.80,,,3250,,,,,,,,,,,,,,,
VFZ58G,1,Diesel,,,,167,,72,84,5,715/2007*143/2013M,,,,96.00,,,2625,,,,,,,,,,,,,,,
XX496X,1,Diesel,4.10,4.80,6.10,125,,71,73,5,715/2007*692/2008F,,0.00020,,103.00,,0.50,2280,,,,,,,,,,,,,,,
H626RV,2,Elektriciteit,,,,,,,,6,715/2007*2015/45W,,,,,10.10,,,,,,,,,,,,,,,,32.00,NOVC-HEV
XZ992K,1,Benzine,6.00,7.30,9.60,171,,73,98,6,715/2007*136/2014W,,0.00020,,280.00,,,3750,,,,,,,,,,,,,,,
50MLTB,1,Benzine,,,,,,74,91,,134/2014*2018/295A1,,,,35.00,,,4300,,,,,,,,,,,,,,,
H728TG,1,Diesel,6.00,7.20,9.40,190,,75,77,5,715/2007*195/2013M,,0.00006,,62.00,,0.50,2375,,,,,,,,,,,,,,,
XN672H,1,Diesel,3.90,4.40,5.30,116,,70,76,6,715/2007*2015/45W,,0.00027,,140.00,,0.50,3000,,,,,,,,,,,,,,,
DXZ52S,1,Elektriciteit,,,,,,,,,"(EU) No 134/2014 including all amen",,,,,1.30,,,,,,,,,,,,,,,,,
VFX75G,1,Diesel,7.40,7.30,7.10,191,,74,84,6,,595/2009*2018/932D,,,107.00,,0.51,2625,,,,,,,,,,,,,,,
53MKVG,1,Benzine,,,,,,,93,,,,,,75.00,,,6000,,,,,,,,,,,,,,,
DXV53H,1,Benzine,,3.60,,82,,66,76,,134/2014*2016/1824,,,,2.20,,,3250,,,,,,,,,,,,,,,
XS084J,1,Diesel,5.00,6.00,8.00,158,,72,79,4,70/220*2003/76B,,0.00090,,103.00,,0.50,3000,,,,,,,,,,,,,,,
H918HN,1,Benzine,6.30,7.80,10.40,184,,71,77,5,715/2007*692/2008A,,,,104.00,,,4500,,,,,,,,,,,,,,,
H848ST,1,Benzine,,8.41,,200,,73,82,2,,,,,145.00,,,4125,,,,,,,,,,,,,,,
VFT52P,1,Benzine,4.80,5.90,7.50,133,,72,82,6,715/2007*136/2014W,,,,54.00,,,3750,,,,,,,,,,,,,,,
26MLTB,1,Benzine,,,,,,75,93,,"(EU) 134/2014*(EU)  2016/1824",,,,84.60,,,5000,,,,,,,,,,,,,,,
H246NN,2,Elektriciteit,,,,,,,,6,715/2007*2018/1832DG,,,,,7.20,,,,,,,,,,,,,,,11.00,,NOVC-HEV
DZK93H,1,Elektriciteit,,,,,,,,,,,,,,,,,,,,,,,,,,,,,,,
08MLTH,1,Benzine,,,,,,78,89,,,,,,14.00,,,4000,,,,,,,,,,,,,,,
H250KF,1,Benzine,5.60,6.30,7.60,147,,71,71,5,715/2007*630/2012J,,0.00252,,77.00,,,3750,,,,,,,,,,,,,,,
H724TB,1,Benzine,4.90,5.70,6.90,131,,71,77,6,715/2007*136/2014W,,,,85.00,,,3750,,,,,,,,,,,,,,,
H291SZ,1,Elektriciteit,,,,,,,,6,,,,,,10.10,,,,,,,,,,,,,,,,32.00,NOVC-HEV
H636NF,1,Elektriciteit,,,,,,71,,Z,715/2007*2017/1347AX,,,,,65.00,,,,,,,,,,,,,,,65.00,155.00,
DXT82S,1,Benzine,,,,,,66,81,,134/2014*2018/295A1,,,,1.50,,,3125,,,,,,,,,,,,,,,
H447TB,1,Elektriciteit,,,,,,,,6,,,,,,55.00,,,,,,,,,,,,,,,52.00,80.00,OVC-HEV
ZH860F,1,Benzine,5.30,6.00,7.20,140,,71,77,5,715/2007*195/2013J,,,,66.20,,,3750,,,,,,,,,,,,,,,
H831LJ,1,Diesel,6.50,7.30,8.60,192,,75,85,5,715/2007*195/2013M,,0.00280,,109.00,,0.52,2700,,,,,,,,,,,,,,,
58MLTB,1,Benzine,,,,,,73,90,,134/2014*2016/1824A1,,,,51.00,,,4250,,,,,,,,,,,,,,,
G454BS,1,Benzine,9.20,12.40,17.80,298,,75,90,4,70/220*2003/76B,,,,260.00,,,5250,,,,,,,,,,,,,,,
H242SV,1,Diesel,,,,,,74,83,4,70/220*2003/76B,,0.04300,,96.00,,0.52,2700,,,,,,,,,,,,,,,
H109LL,1,Benzine,5.10,6.10,7.80,139,,69,75,6,715/2007*136/2014W,,0.00372,,110.00,,,3750,,,,,,,,,,,,,,,
H299SK,1,Benzine,4.50,5.50,7.30,128,,73,74,5,715/2007*692/2008A,,,,44.00,,,3800,,,,,,,,,,,,,,,
DZK09P,1,Benzine,,,,,,70,79,,"(EU) 218/295",,,,1.80,,,3000,,,,,,,,,,,,,,,
ZH196B,1,Benzine,4.40,5.00,5.90,116,,70,79,6,715/2007*2015/45W,,0.00088,,75.00,,,3750,,,,,,,,,,,,,,,
H144SJ,1,Benzine,4.10,4.60,5.50,109,,70,83,4,70/220*2003/76B,,,,50.00,,,4500,,,,,,,,,,,,,,,
F978TN,1,Benzine,,,,,,,83,,,,,,1.25,,,3500,,,,,,,,,,,,,,,
H036SX,1,Elektriciteit,,,,,,71,,Z,715/2007*2018/1832AX,,,,,29.00,,,,,,,,159.00,455,615,,,,,,150.00,
06MLTH,1,Benzine,,,,,,78,96,,,,,,88.00,,,4500,,,,,,,,,,,,,,,
PJ836J,1,Benzine,3.70,4.10,4.90,96,,69,76,6,715/2007*2016/646W,,,,44.00,,,3800,,,,,,,,,,,,,,,
DXV61D,1,Benzine,,2.90,,65,,65,78,,134/2014*2016/1824A1,,,,2.70,,,4000,,,,,,,,,,,,,,,
51MLTK,1,Benzine,,,,,,77,82,,,,,,9.80,,,5000,,,,,,,,,,,,,,,
DZK45N,1,Elektriciteit,,,,,,,,,,,,,,1.20,,,,,,,,,,,,,,,,,
DXH67T,1,Benzine,,3.60,,82,,66,76,,134/2014*2016/1824,,,,2.20,,,3250,,,,,,,,,,,,,,,
DTH75H,1,Benzine,,,,,,65,80,,"(EU) No 134/2014",,,,1.60,,,2750,,,,,,,,,,,,,,,
DVR67D,1,Benzine,,,,,,70,75,,134/2014/EU,,,,2.80,,,3625,,,,,,,,,,,,,,,
19BPN1,1,Diesel,,,,,,77,87,6,,595/2009*2018/932D,,,115.00,,,1350,,,,,,,,,,,,,,,
DPT43R,1,Benzine,,,,,,66,78,,"EU no 134/2014 as amended 2016/1824",,,,1.70,,,3250,,,,,,,,,,,,,,,
DVN36R,1,Benzine,,,,,,66,81,,134/2014*2016/1824,,,,1.50,,,3125,,,,,,,,,,,,,,,
H977TB,1,Benzine,5.70,6.70,8.50,156,,72,75,5,715/2007*566/2011F,,0.00178,,118.00,,,3750,,,,,,,,,,,,,,,
H796SG,1,Benzine,5.50,6.90,9.30,166,,72,75,6,715/2007*630/2012W,,,,88.00,,,3675,,,,,,,,,,,,,,,
DZK95L,1,Benzine,,,,,,70,79,,"(EU) No 134/2014 up to 2018/295",,,,1.80,,,3000,,,,,,,,,,,,,,,
H715SX,1,Benzine,,,,,,71,83,3,,,,,43.00,,,3937,,,,,,,,,,,,,,,
H980ST,1,Diesel,,,,,,74,84,5,715/2007*195/2013M,,0.00098,,96.00,,0.52,2700,,,,,,,,,,,,,,,
H040SZ,1,Benzine,4.50,5.10,6.00,116,,68,73,6,715/2007*2018/1832DG,,,,74.00,,,3750,,135,,6.00,,,,,,,,,,,
H883TF,1,Benzine,5.80,7.20,9.50,169,,72,80,3,70/220*1999/102A,,,,80.00,,,4350,,,,,,,,,,,,,,,
GL134Z,1,Diesel,3.50,3.80,4.20,98,,72,74,5,715/2007*692/2008A,,0.00059,,82.00,,0.51,2700,,,,,,,,,,,,,,,
ZS220N,2,Benzine,,,,,47.00000,67,72,6,715/2007*2018/1832DG,,,,223.00,,,3750,0.29,,56,7.70,2.50,,,,,,,,,,OVC-HEV
VDD89B,1,Diesel,4.20,4.50,4.90,117,,69,73,6,715/2007*2018/1832CH,,,,55.00,,0.50,2700,0.45,142,,5.40,,,,,,,,,,,
ZK582L,1,Benzine,6.40,7.10,8.40,161,,67,76,6,715/2007*2017/1347BG,,0.00015,,140.00,,,3750,0.15,204,,9.00,,,,,,,,,,,
H720KN,1,Benzine,3.60,4.10,5.00,94,,65,75,6,715/2007*2018/1832DG,,,,69.90,,,3750,0.36,116,,5.10,,,,,,,,,,,
H659RR,2,Benzine,7.70,9.20,11.70,209,,68,78,6,715/2007*2018/1832AM,,,,294.00,,,3750,1.15,242,,10.70,,,,,,,,,,,NOVC-HEV
TD169L,1,Elektriciteit,,,,,,,,Z,,,,,,10.10,,,,,,,,,,,,,,,9.90,45.00,NOVC-HEV
H663HV,1,Benzine,4.30,5.00,6.30,115,,67,74,6,715/2007*2018/1832AM,,0.00017,,107.00,,,3750,,129,,5.70,,,,,,,,,,,
TK806T,1,Diesel,4.20,4.50,5.00,118,,68,74,6,715/2007*2017/1347AD,,,,85.00,,0.50,3000,,153,,5.80,5.80,,,,,,,,,,
SF356D,1,Elektriciteit,,,,,,,,Z,,,,,,18.00,,,,,,,,,,,,,,,17.70,60.00,NOVC-HEV
ZN630X,1,Benzine,4.60,5.10,6.00,117,,69,73,6,715/2007*2017/1347AG,,0.00009,,85.00,,,3750,0.09,135,,6.00,,,,,,,,,,,
ZD014X,1,Benzine,4.70,5.60,7.10,128,,67,71,6,715/2007*2017/1347AG,,,,103.00,,,3750,0.15,144,,6.40,,,,,,,,,,,
TN649Z,1,Diesel,3.80,4.00,4.30,105,,69,74,6,715/2007*2017/1347*BG,,,,96.00,,0.51,2813,0.39,140,,5.30,,,,,,,,,,,
H975DF,1,Benzine,4.10,4.80,5.80,109,,67,76,6,715/2007*2018/1832AM,,0.00152,,81.00,,,3750,,140,,6.20,,,,,,,,,,,
XJ114P,1,Benzine,5.10,5.70,6.60,129,,69,73,6,715/2007*2017/1347AG,,,,82.00,,,3750,0.40,153,,6.80,,,,,,,,,,,
ZT198P,1,Benzine,4.10,4.40,4.90,101,,70,77,6,715/2007*2018/1832DG,,,,49.30,,,3750,,117,,5.20,,,,,,,,,,,
TP270N,1,Benzine,4.30,5.10,6.40,115,,70,75,6,715/2007*2017/1347AG,,,,51.50,,,3750,,130,,5.80,,,,,,,,,,,
ZL199S,1,Benzine,4.50,4.80,5.40,111,,68,75,6,715/2007*2017/1347AG,,0.00051,,66.00,,,3750,,134,,5.90,,,,,,,,,,,
G469PB,1,Benzine,4.80,5.50,6.60,125,,70,80,6,715/2007*2018/1832DG,,,,66.00,,,3750,,146,,6.50,,,,,,,,,,,
G244HR,1,Benzine,3.80,4.20,4.80,95,,71,76,6,715/2007*2018/1832DG,,,,53.00,,,3750,,118,,5.20,,,,,,,,,,,
XV513R,1,Benzine,4.10,4.50,5.20,102,,70,80,6,"715/2007*EU 2017/1347 AD",,,,82.00,,,3750,,127,,5.60,,,,,,,,,,,
G405GJ,1,Benzine,5.00,5.70,6.80,129,,69,82,6,715/2007*2018/1832DG,,,,141.00,,,3750,0.20,157,,6.90,,,,,,,,,,,
VBX02J,1,Diesel,4.90,5.40,6.10,142,,70,83,6,715/2007*2018/1832AN,,,,90.00,,0.51,2813,0.85,191,,7.30,,,,,,,,,,,
H111RL,1,Benzine,4.10,4.60,5.50,106,,70,77,6,715/2007*2018/1832DG,,,,49.30,,,3750,0.00,121,,5.40,,,,,,,,,,,
TT717F,1,Benzine,4.40,5.10,6.20,114,,67,69,6,715/2007*2017/1347AG,,,,92.00,,,3750,1.43,139,,6.20,,,,,,,,,,,
H245PR,1,Elektriciteit,,,,,,,,6,715/2007*2018/1832DG,,,,,42.40,,,,,,,,,,,168.00,56,68,,42.40,80.60,OVC-HEV
H379RN,1,Benzine,,6.50,,148,,69,77,6,715/2007*2017/1347AG,,,,90.00,,,3750,0.34,172,,7.60,,,,,,,,,,,
ZS558F,2,Benzine,4.00,3.90,3.60,89,,67,66,6,"715/2007*EU 2018/1832 DG",,,,112.00,,,2500,0.34,121,,5.30,,,,,,,,,,,NOVC-HEV
G615VH,2,Benzine,4.40,4.30,3.90,97,,67,69,6,"715/2007*EU 2017/1347 AG",,0.00016,,112.00,,,2500,0.16,127,,5.60,,,,,,,,,,,NOVC-HEV
H353RJ,1,Benzine,4.10,4.40,4.90,101,,70,77,6,715/2007*2018/1832DG,,,,49.30,,,3750,0.00,117,,5.20,,,,,,,,,,,
G225JD,1,Benzine,4.00,5.00,6.00,111,,73,83,6,715/2007*2017/1347AG,,,,62.50,,,4125,,128,,5.70,,,,,,,,,,,
ZL369B,2,Benzine,4.60,4.40,4.50,101,,69,70,6,"715/2007*EU 2018/1832 DG",,,,131.00,,,2500,0.15,131,,5.80,,,,,,,,,,,NOVC-HEV
G458FB,1,Benzine,4.20,4.80,6.00,109,,70,75,6,715/2007*2017/1347AG,,,,62.50,,,3750,,126,,5.60,,,,,,,,,,,
H140SZ,2,Benzine,5.90,7.10,9.40,163,,71,76,6,715/2007*2018/1832DG,,,,220.00,,,3750,0.28,189,,8.30,,,,,,,,,,,NOVC-HEV
ZN830K,1,Benzine,5.60,6.70,8.70,154,,70,71,6,715/2007*2017/1347AG,,,,135.00,,,3750,0.28,174,,7.70,,,,,,,,,,,NOVC-HEV
G200HJ,2,Benzine,,,,,38.00000,70,79,6,715/2007*2018/1832DG,,,,135.00,,,3750,0.17,,35,,1.60,,,,,,,,,,OVC-HEV
H585LD,1,Benzine,4.50,5.30,6.50,123,,71,77,6,715/2007*2015/45W,,0.00035,,100.00,,,3300,,,,,,,,,,,,,,,
H100TJ,1,Diesel,,,,,,,,4,,,,0.00100,110.00,,,,,,,,,,,,,,,,,,
DZK50S,1,Elektriciteit,,,,,,,,,"(EU) No 134/2014 including all amen",,,,,1.40,,,,,,,,,,,,,,,,,
VFX90X,1,Diesel,6.80,7.20,7.90,189,,76,83,6,715/2007*136/2014Y,,0.00092,,100.00,,0.10,2700,,,,,,,,,,,,,,,
H500SZ,1,Benzine,5.60,6.80,8.90,159,,72,75,5,715/2007*692/2008A,,0.00233,,103.00,,,3750,,,,,,,,,,,,,,,
VDF53P,1,Diesel,6.30,7.00,8.20,183,,73,76,5,715/2007*195/2013M,,0.00100,,94.00,,0.51,3000,,,,,,,,,,,,,,,
G815KX,1,Benzine,6.00,7.30,9.60,169,,74,84,5,715/2007*692/2008A,,,,88.00,,,3750,,,,,,,,,,,,,,,
DHT16P,1,Benzine,,,,,,69,77,,"97/24/EC CHAPTER 5",,,,2.20,,,3750,,,,,,,,,,,,,,,
H271SK,2,Elektriciteit,,,,,,,,6,715/2007*2016/646W,,,,,37.00,,,,,,,,,,,,,,,37.00,53.00,NOVC-HEV
H154HN,1,Benzine,4.50,5.00,6.00,118,,71,76,4,70/220*2003/76B,,,,51.00,,,3750,,,,,,,,,,,,,,,
DZK31K,1,Elektriciteit,,,,,,,,,,,,,,1.50,,,,,,,,,,,,,,,,,
H171PK,1,Benzine,4.40,5.10,6.40,117,,69,81,6,715/2007*2018/1832DG,,,,66.00,,,3750,,135,,6.00,,,,,,,,,,,
44MLTB,1,Benzine,,,,,,74,85,,"(EU) 134/2014*(EU) 2018/295",,,,24.50,,,3500,,,,,,,,,,,,,,,
VFX78K,1,Diesel,7.50,7.60,7.80,200,,68,82,6,,595/2009*2018/932D,,,105.00,,,2850,,,,,,,,,,,,,,,
DZJ13F,1,Benzine,,2.90,,65,,65,78,,134/2014*2016/1824A1,,,,2.70,,,4000,,,,,,,,,,,,,,,
H102TJ,1,Diesel,6.00,7.20,9.40,190,,74,77,5,715/2007*630/2012M,,0.00006,,75.00,,0.50,2375,,,,,,,,,,,,,,,
H358TB,1,Elektriciteit,,,,,,71,,Z,715/2007*2018/1832AX,,,,,29.00,,,,,,,,159.00,455,615,,,,,,150.00,
65MLPJ,1,Benzine,,,,,,73,90,,134/2014*2018/295A1,,,,50.20,,,4000,,,,,,,,,,,,,,,
H291RS,1,Elektriciteit,,,,,,68,,Z,715/2007*2018/1832AX,,,,,28.00,,,,,,,,147.00,484,660,,,,,,150.00,
DZJ02V,1,Elektriciteit,,,,,,,,,,,,,,0.30,,,,,,,,,,,,,,,,,
H080LG,1,Elektriciteit,,,,,,68,,Z,715/2007*2018/1832AX,,,,,28.00,,,,,,,,154.00,449,619,,,,,,150.00,
H370SL,1,Elektriciteit,,,,,,66,,Z,715/2007*2018/1832AX,,,,,75.00,,,,,,,,165.00,280,393,,,,,75.00,135.00,
H896SZ,1,Benzine,4.40,5.00,6.20,117,,68,74,6,715/2007*2016/427W,,0.00014,,110.00,,,3750,,,,,,,,,,,,,,,
DZK33N,1,Benzine,,,,,,65,80,,"(EU) 218/295",,,,1.60,,,2750,,,,,,,,,,,,,,,
DNR06H,1,Benzine,,,,,,66,81,,168/2013/EU*134/2014/EU,,,,1.50,,,3125,,,,,,,,,,,,,,,
H803JT,1,Benzine,5.60,6.40,7.80,148,,69,80,6,715/2007*2016/646W,,0.00205,,112.00,,,3750,,,,,,,,,,,,,,,
DZD49G,1,Benzine,,3.60,,82,,66,76,,134/2014*2016/1824,,,,2.20,,,3250,,,,,,,,,,,,,,,
69BPN1,1,Diesel,,,,,,79,95,6,,595/2009*2018/932D,,,346.00,,0.36,1350,,,,,,,,,,,,,,,
H234TF,1,Benzine,5.00,6.00,7.60,138,,69,73,6,715/2007*2015/45W,,0.00060,,120.00,,,3750,,,,,,,,,,,,,,,
93DXTV,1,Benzine,5.20,6.40,8.40,154,,73,86,2,70/220*1996/69,,,,44.00,,,4650,,,,,,,,,,,,,,,
DZK50K,1,Benzine,,,,,,66,78,,"EU no 134/2014 as amended 2016/1824",,,,1.70,,,3250,,,,,,,,,,,,,,,
G920VR,1,Benzine,,,,,,,,3,,,,,147.00,,,,,,,,,,,,,,,,,,
H868NR,1,Benzine,4.60,5.40,6.70,124,,72,78,5,715/2007*136/2014J,,,,66.00,,,3750,,,,,,,,,,,,,,,
99MLTJ,1,Benzine,,,,,,75,97,,134/2014*2018/295A1,,,,70.00,,,6000,,,,,,,,,,,,,,,
G874KT,1,Benzine,5.20,6.60,8.90,158,,74,81,4,70/220*2003/76B,,,,125.00,,,5025,,,,,,,,,,,,,,,
H315TF,1,Benzine,5.00,5.70,7.00,133,,71,76,6,715/2007*136/2014W,,0.00032,,115.00,,,3750,,,,,,,,,,,,,,,
H627TF,1,Benzine,5.30,6.40,8.30,148,,72,80,5,715/2007*692/2008A,,0.00190,,132.00,,,3850,,,,,,,,,,,,,,,
DSN82G,1,Benzine,,3.60,,82,,66,74,,134/2014*2016/1824,,,,2.20,,,3250,,,,,,,,,,,,,,,
DXV82V,1,Benzine,,2.10,,47,,71,78,,134/2014*2016/1824A1,,,,2.70,,,4000,,,,,,,,,,,,,,,
DZL06D,1,Elektriciteit,,,,,,,,,134/2014,,,,,1.40,,,,,,,,,,,,,,,,,
H537PJ,1,Benzine,6.50,7.60,9.60,178,,73,75,5,715/2007*630/2012J,,0.00195,,118.00,,,3750,,,,,,,,,,,,,,,
H627SZ,1,Diesel,,,,,,72,82,4,70/220*2003/76B,,0.05300,,88.00,,0.97,2700,,,,,,,,,,,,,,,
45MLTG,1,Benzine,,,,,,75,90,,134/2014*2018/295A1,,,,104.50,,,5000,,,,,,,,,,,,,,,
H008TH,1,Benzine,4.60,5.50,7.10,128,,73,75,6,715/2007*136/2014W,,0.00032,,90.00,,,3750,,,,,,,,,,,,,,,
72MLTG,1,Benzine,,,,,,78,89,,,,,,74.00,,,4000,,,,,,,,,,,,,,,
H568TB,1,Diesel,4.70,5.20,6.20,137,,70,71,5,715/2007*630/2012J,,0.00021,,103.00,,0.50,2375,,,,,,,,,,,,,,,
DZD44X,1,Elektriciteit,,,,,,,,,,,,,,0.26,,,,,,,,,,,,,,,,,
DZ9553,1,Benzine,,,,,,,,0,,,,,60.00,,,,,,,,,,,,,,,,,,
H928SP,1,Benzine,4.60,5.10,6.10,118,,68,73,6,715/2007*2018/1832DG,,,,74.00,,,3750,,135,,6.00,,,,,,,,,,,
DXX97S,1,Benzine,,,,,,69,77,,97/24*2006/27/5,,,,2.40,,,4000,,,,,,,,,,,,,,,
42MLTB,1,Benzine,,,,,,73,83,,"(EU) 134/2014*(EU) 2018/295",,,,11.10,,,4000,,,,,,,,,,,,,,,
G816PV,1,Benzine,4.50,5.30,6.80,118,,72,74,6,715/2007*2016/646W,,0.00094,,87.00,,,3750,,,,,,,,,,,,,,,
41MLTF,1,Benzine,,,,,,77,92,,134/2014*2018/295A2,,,,77.00,,,4250,,,,,,,,,,,,,,,
F824GD,1,Benzine,,,,,,,73,,,,,,1.62,,,2750,,,,,,,,,,,,,,,
83BPN1,1,Diesel,,,,,,80,104,6,,595/2009*2018/932D,,,330.00,,,1200,,,,,,,,,,,,,,,
DSZ35S,1,Benzine,,,,,,66,78,,"no 134/2014",,,,1.90,,,3250,,,,,,,,,,,,,,,
DXT58D,1,Elektriciteit,,,,,,,,,"(EU) No 134/2014 including all amen",,,,,1.20,,,,,,,,,,,,,,,,,
DZK18J,1,Benzine,,,,,,66,75,,134/2014*2016/1824A1,,,,1.50,,,3000,,,,,,,,,,,,,,,
ZH516H,1,Benzine,4.40,5.40,7.10,125,,70,73,6,715/2007*136/2014W,,0.00223,,110.00,,,3400,,,,,,,,,,,,,,,
H595TH,1,Benzine,4.20,5.10,6.70,119,,70,79,5,715/2007*692/2008A,,,,55.00,,,4125,,,,,,,,,,,,,,,
VFP65N,1,Diesel,5.80,6.30,7.20,164,,71,74,6,715/2007*2016/646Y,,0.00008,,107.00,,0.51,2625,,,,,,,,,,,,,,,
H517TF,1,Benzine,3.90,4.50,5.50,106,,71,80,4,70/220*2003/76B,,,,50.00,,,4500,,,,,,,,,,,,,,,
75BPL8,1,Diesel,,,,,,80,88,5,,,,,250.00,,,1725,,,,,,,,,,,,,,,
00BJK4,1,Diesel,,,,,,80,89,6,,595/2009*627/2014C,,,340.00,,,1275,,,,,,,,,,,,,,,
ZK171R,1,Benzine,5.20,6.60,8.90,154,,69,85,5,715/2007*692/2008A,,,,71.00,,,3750,,,,,,,,,,,,,,,
DTK24T,1,Benzine,,,,,,65,78,,"EU no 134/2014",,,,1.90,,,3250,,,,,,,,,,,,,,,
H151TF,1,Diesel,5.60,6.20,7.20,162,,72,80,5,715/2007*566/2011F,,0.00050,,125.00,,0.51,3150,,,,,,,,,,,,,,,
DZK11R,1,Benzine,,,,,,71,77,,97/24*2006/27/5,,,,2.30,,,3250,,,,,,,,,,,,,,,
H893RB,1,Elektriciteit,,,,,,,,6,,,,,,48.00,,,,,,,,,,,,,,,48.00,80.00,NOVC-HEV
DZK08K,1,Diesel,,,,,,69,80,,134/2014/UE*2016/1824/UE,,,,6.00,,0.51,2400,,,,,,,,,,,,,,,
22MJKZ,1,Benzine,,,,,,73,90,,"(EU) 134/2014*(EU) 2016/1824",,,,35.00,,,3750,,,,,,,,,,,,,,,
H493SK,1,Benzine,4.70,5.80,7.70,134,,73,80,5,715/2007*566/2011F,,,,63.00,,,3750,,,,,,,,,,,,,,,
DXH01X,1,Elektriciteit,,,,,,,,,,,,,,1.60,,,,,,,,,,,,,,,,,
H386LX,1,Elektriciteit,,,,,,70,,Z,715/2007*2018/1832AX,,,,,100.00,,,,,,,,149.00,409,531,,,,,,239.00,
PG294T,1,Benzine,5.40,6.20,7.90,148,,71,78,4,70/220*2003/76B,,,,70.00,,,3900,,,,,,,,,,,,,,,
67RKSR,2,LPG,,11.80,,282,,74,75,,,,,,154.00,,,3750,,,,,,,,,,,,,,,
GPZR91,1,Benzine,,,,,,,85,1,,,,,74.00,,,4500,,,,,,,,,,,,,,,
54MLTH,1,Benzine,,,,,,75,88,,"134/2014 (2018/295)",,,,32.00,,,2750,,,,,,,,,,,,,,,
H425PN,1,Benzine,5.20,6.00,7.40,140,,74,78,5,715/2007*692/2008A,,,,85.00,,,3750,,,,,,,,,,,,,,,
44MLSP,1,Benzine,,,,,,,91,,,,,,35.00,,,3500,,,,,,,,,,,,,,,
H666TF,1,Elektriciteit,,,,,,,,6,,,,,,48.00,,,,,,,,,,,,,,,48.00,80.00,NOVC-HEV
4TLH15,1,Benzine,4.50,5.10,6.20,119,,,77,5,715/2007*195/2013J,,0.00244,,72.00,,,3750,,,,,,,,,,,,,,,
DSH90D,1,Benzine,,3.60,,82,,66,74,,134/2014*2016/1824,,,,2.20,,,3250,,,,,,,,,,,,,,,
H387SG,1,Benzine,4.50,5.20,6.30,118,,69,75,6,715/2007*2016/646ZD,,0.00017,,110.00,,,3750,,,,,,,,,,,,,,,
PV142F,1,Benzine,4.70,5.20,6.30,120,,69,75,6,715/2007*2016/646W,,0.00203,,96.00,,,3750,,,,,,,,,,,,,,,
H253TF,1,Benzine,3.40,3.80,4.60,90,,73,83,6,715/2007*195/2013W,,,,63.00,,,4125,,,,,,,,,,,,,,,
H948TB,1,Benzine,4.30,5.00,6.20,114,,68,75,6,715/2007*2016/646ZD,,0.00017,,110.00,,,3750,,,,,,,,,,,,,,,
H936TG,1,Benzine,3.80,4.30,5.20,99,,73,72,6,715/2007*136/2014W,,,,51.00,,,3750,,,,,,,,,,,,,,,
BE9161,2,LPG,,,,,,,,,,,,,187.00,,,,,,,,,,,,,,,,,,
DXT25B,1,Benzine,,2.60,,57,,71,76,,134/2014*2016/1824A1,,,,2.60,,,3750,,,,,,,,,,,,,,,
G777XB,1,Benzine,4.80,5.90,7.90,138,,73,84,6,715/2007*2015/45W,,0.00111,,134.00,,,3750,,,,,,,,,,,,,,,
DZK42K,1,Benzine,,,,,,71,78,,"EU no 134/2014 as amended 2018/295",,,,2.10,,,3750,,,,,,,,,,,,,,,
DZJ78D,1,Benzine,,2.10,,47,,71,78,,134/2014*2016/1824A1,,,,2.70,,,4000,,,,,,,,,,,,,,,
H350GF,1,Benzine,6.10,7.50,9.90,175,,74,99,6,715/2007*195/2013W,,0.00017,,265.00,,,3750,,,,,,,,,,,,,,,
84BPL9,1,Diesel,,,,,,80,88,5,,,,,456.00,,,1425,,,,,,,,,,,,,,,
H296TF,1,Benzine,5.10,6.20,8.20,144,,72,75,5,715/2007*692/2008F,,0.00142,,90.00,,,3750,,,,,,,,,,,,,,,
75MLTG,1,Benzine,,,,,,71,86,,,,,,40.30,,,3125,,,,,,,,,,,,,,,
DSL24B,1,Benzine,,3.60,,82,,66,76,,134/2014*2016/1824,,,,2.20,,,3250,,,,,,,,,,,,,,,
H831TB,1,Benzine,,,,221,,73,78,4,,,,,120.00,,,2750,,,,,,,,,,,,,,,
79BPN1,1,Diesel,,,,,,79,90,6,,595/2009*64/2012A,,,382.00,,,1425,,,,,,,,,,,,,,,
H328TD,1,Benzine,6.80,9.30,13.80,224,,74,85,4,,,,,166.00,,,4500,,,,,,,,,,,,,,,
H769SZ,1,Benzine,5.30,6.20,7.80,143,,70,72,6,715/2007*136/2014W,,0.00268,,110.00,,,3750,,,,,,,,,,,,,,,
H081RZ,2,Elektriciteit,,,,,,,,6,715/2007*2015/45W,,,,,24.00,,,,,,,,,,,,,,,,,NOVC-HEV
H037TH,1,Benzine,7.80,10.60,15.30,254,,75,99,4,70/220*2006/96B,,,,217.00,,,4688,,,,,,,,,,,,,,,
H919TD,1,Benzine,4.60,5.40,6.80,126,,72,74,6,715/2007*2015/45W,,0.00029,,100.00,,,3300,,,,,,,,,,,,,,,
H275TF,1,Diesel,,,,,,74,83,4,70/220*2003/76B,,0.04800,,96.00,,0.92,2700,,,,,,,,,,,,,,,
H639TD,1,Elektriciteit,,,,,,67,,Z,715/2007*2017/1347AX,,,,,29.00,,,,,,,,157.00,452,648,,,,,,150.00,
VFP13H,1,Diesel,7.00,7.70,8.80,203,,73,79,5,715/2007*136/2014M,,,,114.00,,0.50,2625,,,,,,,,,,,,,,,
DSG01D,1,Benzine,,3.60,,82,,66,76,,134/2014*2016/1824,,,,2.20,,,3250,,,,,,,,,,,,,,,
H165TF,1,Benzine,6.50,7.50,9.20,175,,69,75,6,715/2007*2015/45W,,0.00089,,130.00,,,3750,,,,,,,,,,,,,,,
40JXR6,1,Benzine,3.80,4.40,5.50,103,,69,82,5,715/2007*692/2008A,,,,50.00,,,4500,,,,,,,,,,,,,,,
H906TD,1,Diesel,4.50,5.60,7.40,148,,69,76,4,70/220*2003/76B,,,,120.00,,0.53,3000,,,,,,,,,,,,,,,
H285SZ,1,Elektriciteit,,,,,,,,6,,,,,,10.10,,,,,,,,,,,,,,,,32.00,NOVC-HEV
DRG31P,1,Benzine,,,,,,66,73,,"EU no 134/2014 as amen by 2016/1824",,,,1.70,,,3250,,,,,,,,,,,,,,,
DZK23K,1,Elektriciteit,,,,,,,,,"134/2014 amend 2016/1824",,,,,2.10,,,,,,,,,,,,,,,,,
SV862D,1,Benzine,4.90,5.90,7.70,134,,69,83,6,715/2007*2017/1221W,,0.00008,,147.00,,,3750,,,,,,,,,,,,,,,
99BPN1,1,Diesel,,,,,,,,5,,2005/55*2006/51G,,,375.00,,,,,,,,,,,,,,,,,,
DZK52K,1,Benzine,,,,,,66,77,,97/24*2006/27/5,,,,2.00,,,3500,,,,,,,,,,,,,,,
H328SX,1,Benzine,4.60,5.00,5.70,113,,70,72,6,715/2007*2015/45W,,0.00099,,82.00,,,3750,,,,,,,,,,,,,,,
H902SV,1,Elektriciteit,,,,,,,,6,,,,,,55.00,,,,,,,,,,,,,,,,80.00,
H914LZ,1,Benzine,5.40,6.30,7.90,147,,71,73,6,715/2007*2015/45W,,0.00113,,97.00,,,3750,,,,,,,,,,,,,,,
VFV07L,1,Elektriciteit,,,,,,69,,Z,715/2007*2017/1347AX,,,,,80.00,,,,,,,,259.00,200,301,,,,,80.00,80.00,
GF310J,1,Benzine,4.00,4.70,5.90,109,,,83,6,715/2007*136/2014W,,0.00019,,100.00,,,3750,,,,,,,,,,,,,,,
47SXT6,1,Benzine,4.40,4.90,5.80,115,,,81,5,715/2007*692/2008A,,,,51.00,,,4125,,,,,,,,,,,,,,,
H950LL,1,Benzine,4.10,4.70,5.80,109,,69,76,6,715/2007*136/2014W,,0.00016,,66.00,,,3750,,,,,,,,,,,,,,,
H614SX,1,Benzine,4.40,5.00,6.10,116,,71,76,5,715/2007*195/2013J,,,,69.00,,,3750,,,,,,,,,,,,,,,
VFX50J,1,Diesel,7.20,8.00,9.40,210,,75,82,5,715/2007*136/2014M,,0.00030,,95.00,,0.40,2850,,,,,,,,,,,,,,,
G613FV,1,Benzine,4.60,5.50,7.00,128,,71,86,6,715/2007*136/2014W,,0.00026,,141.00,,,3750,,,,,,,,,,,,,,,
VBZ03X,1,Diesel,5.40,6.30,7.80,164,,72,76,6,715/2007*2015/45Y,,0.00157,,84.00,,0.52,2850,,,,,,,,,,,,,,,
H025TH,1,Benzine,5.00,5.90,7.30,133,,67,71,6,715/2007*2016/646ZD,,0.00013,,140.00,,,3750,,,,,,,,,,,,,,,
H356GK,1,Benzine,4.10,4.70,5.80,110,,73,79,5,715/2007*692/2008F,,,,51.00,,,3750,,,,,,,,,,,,,,,
DZK64D,1,Elektriciteit,,,,,,,,,,,,,,0.40,,,,,,,,,,,,,,,,,
H192SX,1,Diesel,,,,,,74,80,6,715/2007*136/2014Y,,0.00076,,96.00,,0.52,2625,,,,,,,,,,,,,,,
RH498H,1,Diesel,3.50,3.80,4.20,100,,69,72,6,715/2007*2015/45W,,0.00007,,88.00,,0.51,2625,,,,,,,,,,,,,,,
DTF68X,1,Elektriciteit,,,,,,,,,,,,,,3.50,,,,,,,,,,,,,,,,,
H930TF,1,Benzine,3.90,4.50,5.50,106,,71,80,4,70/220*2003/76B,,,,50.00,,,4500,,,,,,,,,,,,,,,
DXL33K,1,Benzine,,,,,,66,75,,134/2014*2016/1824A1,,,,1.50,,,3000,,,,,,,,,,,,,,,
H697SP,2,Elektriciteit,,,,,,,,6,715/2007*2018/1832DG,,,,,37.00,,,,,,,,,,,,,,,37.00,53.00,NOVC-HEV
DZK65H,1,Benzine,,,,,,65,78,,"EU no 134/2014 as amended 2016/1824",,,,1.70,,,3250,,,,,,,,,,,,,,,
DZK78R,1,Benzine,,,,,,66,77,,"EU no 134/2014 as amended 2018/295",,,,1.70,,,3250,,,,,,,,,,,,,,,
H585SJ,1,Diesel,8.90,9.50,10.50,249,,71,81,6,,595/2009*2017/2400D,,,140.00,,,2850,,,,,,,,,,,,,,,
12MLTH,1,Benzine,,,,,,80,97,,,,,,118.00,,,5500,,,,,,,,,,,,,,,
G584BN,1,Benzine,4.20,5.20,6.90,125,,69,86,4,70/220*2003/76B,,,,55.00,,,4500,,,,,,,,,,,,,,,
H919TH,1,Diesel,,,,,,74,86,5,715/2007*692/2008I,,0.00200,,96.00,,0.52,2625,,,,,,,,,,,,,,,
RZ978K,1,Benzine,5.10,6.00,7.50,139,,74,80,5,715/2007*692/2008A,,0.00116,,135.00,,,3750,,,,,,,,,,,,,,,
H610TH,1,Benzine,7.90,10.30,14.20,239,,73,93,6,715/2007*2015/45W,,0.00037,,412.00,,,3750,,,,,,,,,,,,,,,
DZG93R,1,Benzine,,,,,,65,80,,"(EU) No 134/2014",,,,1.60,,,2750,,,,,,,,,,,,,,,
37BJK2,1,Diesel,,,,,,80,89,6,,595/2009*627/2014C,,,340.00,,,1275,,,,,,,,,,,,,,,
H719RH,1,Benzine,4.40,5.50,7.40,125,,73,66,6,715/2007*2015/45W,,0.00152,,92.00,,,3750,,,,,,,,,,,,,,,
H198SV,1,Benzine,7.30,9.50,13.30,230,,70,82,4,70/220*2003/76B,,,,190.00,,,4950,,,,,,,,,,,,,,,
H039SX,1,Elektriciteit,,,,,,71,,Z,715/2007*2018/1832AX,,,,,29.00,,,,,,,,159.00,455,615,,,,,,150.00,
H966SV,2,Elektriciteit,,,,,,,,6,715/2007*2018/1832AM,,,,,30.00,,,,,,,,,,,160.00,44,54,,8.00,60.00,OVC-HEV
KJ075H,2,LPG,,,,,,,84,,,,,,106.00,,,2700,,,,,,,,,,,,,,,
H192JG,1,Benzine,,,,113,,70,77,6,715/2007*2018/1832DG,,,,49.30,,,3750,,,,,,,,,,,,,,,
ZR833D,1,Diesel,3.70,4.20,5.00,108,,72,73,5,715/2007*195/2013J,,0.00014,,100.00,,0.50,2375,,,,,,,,,,,,,,,
H271SK,1,Benzine,4.10,3.90,3.50,87,,67,68,6,715/2007*2016/646W,,,,72.00,,,2500,,,,,,,,,,,,,,,NOVC-HEV
DZK93S,1,Benzine,,,,,,65,80,,"(EU) 218/295",,,,1.60,,,2750,,,,,,,,,,,,,,,
H110SZ,1,Diesel,3.10,3.40,3.90,89,,68,74,6,715/2007*136/2014W,,0.00014,,85.00,,0.50,3000,,,,,,,,,,,,,,,
VFG51J,2,LPG,,,,320,,74,89,6,715/2007*2017/1151CI,,,,295.00,,,3750,,,,,,,,,,,,,,,
DXN69J,1,Benzine,,,,,,71,81,,134/2014*2018/295A1,,,,2.40,,,3750,,,,,,,,,,,,,,,
75MLTF,1,Benzine,,,,,,78,91,,,,,,35.00,,,3500,,,,,,,,,,,,,,,
DZJ26H,1,Benzine,,,,,,66,75,,134/2014*2016/1824A1,,,,1.50,,,3000,,,,,,,,,,,,,,,
25MLTL,1,Benzine,,,,,,,89,,,,,,106.00,,,4000,,,,,,,,,,,,,,,
H838TF,1,Benzine,5.10,6.40,8.50,149,,73,78,5,715/2007*692/2008A,,,,59.00,,,3750,,,,,,,,,,,,,,,
VFG51J,1,Benzine,,,,320,,74,89,6,715/2007*2017/1151CI,,,,295.00,,,3750,,,,,,,,,,,,,,,
DZK68T,1,Benzine,,,,,,65,81,,"no 134/2014*2018/295",,,,1.80,,,3250,,,,,,,,,,,,,,,
VFZ51N,1,Diesel,7.70,7.90,8.10,208,,71,82,6,,595/2009*2018/932D,,,120.00,,,2850,,,,,,,,,,,,,,,
G552LP,1,Benzine,3.90,4.50,5.60,105,,71,78,5,715/2007*630/2012J,,,,44.00,,,3750,,,,,,,,,,,,,,,
H111TF,1,Benzine,6.00,7.50,10.20,177,,70,75,5,715/2007*692/2008A,,0.00240,,135.00,,,3937,,,,,,,,,,,,,,,
H401TB,2,Elektriciteit,,,,,,,,6,715/2007*2018/1832DG,,,,,28.00,,,,,,,,,,,163.00,50,49,,10.00,65.00,OVC-HEV
H893TH,1,Benzine,6.60,8.10,10.70,193,,72,81,4,70/220*2003/76B,,,,108.00,,,4275,,,,,,,,,,,,,,,
H384SB,1,Benzine,4.30,5.00,6.10,115,,72,73,6,715/2007*2015/45W,,0.00039,,81.00,,,3750,,,,,,,,,,,,,,,
DXT31Z,1,Benzine,,3.60,,82,,66,74,,134/2014*2016/1824,,,,2.20,,,3250,,,,,,,,,,,,,,,
DZK94X,1,Benzine,,,,,,65,80,,"No 134/2014",,,,1.60,,,2750,,,,,,,,,,,,,,,
VFX72L,1,Benzine,5.20,5.90,7.20,135,,69,73,6,715/2007*2018/1832CH,,,,75.00,,,3750,,158,,7.00,,,,,,,,,,,
H378SB,1,Elektriciteit,,,,,,67,,Z,715/2007*2018/1832AX,,,,,100.00,,,,,,,,,,,,,,,100.00,100.00,
DZK10H,1,Benzine,,,,,,65,80,,"(EU) No 134/2014",,,,1.60,,,2750,,,,,,,,,,,,,,,
DZK21L,1,Benzine,,,,,,66,78,,"EU no 134/2014 as amended 2016/1824",,,,1.70,,,3250,,,,,,,,,,,,,,,
H968TD,1,Benzine,5.70,6.70,8.40,153,,69,75,6,715/2007*2017/1221ZD,,0.00070,,140.00,,,3750,,,,,,,,,,,,,,,
89BPN1,1,Diesel,,,,,,76,99,6,,595/2009*2018/932D,,,290.00,,,1200,,,,,,,,,,,,,,,
85MKXP,1,Benzine,,,,,,,95,,,,,,83.00,,,4375,,,,,,,,,,,,,,,
DVP11J,1,Elektriciteit,,,,,,,,,,,,,,0.42,,,,,,,,,,,,,,,,,,,,,,,,,,,,,,,,,,,,,,,,,,,,,,,,,,
,,,,,,,,,,,,,,,,,,,,,,,,,,,,,,,,,
,,,,,,,,,,,,,,,,,,,,,,,,,,,,,,,,,
,,,,,,,,,,,,,,,,,,,,,,,,,,,,,,,,,
,,,,,,,,,,,,,,,,,,,,,,,,,,,,,,,,,
,,,,,,,,,,,,,,,,,,,,,,,,,,,,,,,,,
,,,,,,,,,,,,,,,,,,,,,,,,,,,,,,,,,
,,,,,,,,,,,,,,,,,,,,,,,,,,,,,,,,,
10
10
99aa99
99aa99
99aa99
99aa99
